"ID (артикул)";"Номенклатура";"Наличие";"Цена"
"9311";"10-16.5 10PR EKS-1 EKKA Шина для минипогрузчика";"102";"11410"
"9312";"12-16.5 12PR EKS-1 EKKA Шина для минипогрузчика";"2";"16350"
"9201";"12-16.5 12PR TL Шина пневматическая EKT-2 EKKA";"30";"21650"
"9200";"10-16.5 10PR TL Шина пневматическая EKT-2 EKKA";"126";"17400"
"9241";"10-16.5 10PR TL Шина пневматическая T601 EKKA";"0";"11410"
"9243";"12-16.5 12PR TL Шина пневматическая T601 EKKA";"0";"16350"
"9245";"14-17.5 14PR TL 155A8 T601 EKKA Шина для минипогрузчика";"26";"27810"
"9222";"23х8.5-12 8PR TL 107A8 T601 EKKA Шина для минипогрузчика";"6";"7790"
"9223";"27х8.5-15 8PR TL 101A8 T601 EKKA Шина для минипогрузчика";"19";"9050"
"9244";"33х15.5-16.5 14PR TL 148A8 T601 EKKA Шина для минипогрузчика";"26";"17610"
"9168";"5.70-12 6PR TL EKKA T601 Шина для минипогрузчика";"0";"2610"
"9169";"31х15.5-15 8PR TL 116A8 EKKA T601 Шина для минипогрузчика";"0";"13690"
"11331";"10-16.5 10PR TL T608 EKKA Шина для минипогрузчика";"6";"19110"
"11332";"12-16.5 12PR TL 145A8 T608 EKKA Шина для минипогрузчика";"2";"24230"
"11358";"30x10-16 (30x10-20/10-16.5) Колесо цельнолитое WHEELS STANDARD EKKA (в сборе с диском для BOBCAT)";"0";"55300"
"11359";"12-16.5 (33х12-20) Колесо цельнолитое WHEELS STANDARD EKKA (в сборе с диском для BOBCAT)";"38";"79470"
"11667";"12-16.5 (33х12-20) Колесо цельнолитое WHEELS STANDARD EKKA (в сборе с диском для LONKING)";"0";"79470"
"11668";"30x10-16 (30x10-20/10-16.5) Колесо цельнолитое WHEELS STANDARD EKKA (в сборе с диском для LONKING)";"0";"55300"
"7094";"10-16.5 SKS-1 134A8 10PR TL Superguider Шина для минипогрузчика";"49";"10570"
"6919";"10-16.5 SKS-3 12PR TL 138A8 Superguider Шина для минипогрузчика";"52";"19290"
"7115";"10-16.5 12PR 138A8 TL SKS-4 Superguider Шина для минипогрузчика";"0";"19260"
"6978";"10.0/75-15.3 10PR 128A8 QH602 Superguider Шина для минипогрузчика";"8";"12000"
"7113";"12-16.5 12PR TL 144A8 SKS-1 Superguider Шина для минипогрузчика";"86";"13340"
"7171";"11.5/80-15.3 12PR QH602 Superguider Шина для минипогрузчика";"21";"15330"
"6896";"23х8.5-12 6PR TL Шина пневматическая Superguider SKS-5";"0";"4360"
"6900";"14-17.5 14PR TL Шина пневматическая Superguider SKS-1";"0";"23190"
"6915";"12-16.5 12PR TL Шина пневматическая Superguider SKS-5";"0";"10440"
"6966";"12-16.5 14PR TL Шина пневматическая Superguider SKS-3";"1";"25300"
"6985";"15-19.5 14PR TL Шина пневматическая Superguider SKS-1";"11";"36220"
"6967";"12-16.5 14PR TL Шина пневматическая Superguider SKS-4";"0";"24120"
"6962";"23х8.5-12 8PR SKS-5 Superguider Шина для минипогрузчика";"18";"7250"
"10383";"27х8.5-15 8PR SKS-5 Superguider Шина для минипогрузчика";"0";"8510"
"11682";"12-16.5 14PR TL Шина пневматическая Foreruner SKS-3";"0";"23900"
"7249";"10-16.5 (30х10-20) Колесо цельнолитое WHEELS STANDARD IST (в сборе с диском)";"96";"56170"
"7251";"12-16.5 (33х12-20) Колесо цельнолитое WHEELS STANDARD IST (в сборе с диском)";"82";"71680"
"7114";"12-16.5 12PR TL Шина пневматическая HUITON T601";"0";"10050"
"6901";"14-17.5 14PR TL Шина пневматическая HUITON T601";"0";"27810"
"9174";"10-16.5 10PR TL Шина пневматическая HUITON T608";"0";"19110"
"9308";"12-16.5 12PR TL Шина пневматическая HUITON T608";"0";"24230"
"10633";"12-16.5 12PR BOSSMAN MASTER SKID Шина для минипогрузчика";"0";"9780"
"10634";"14-17.5 14PR BOSSMAN MASTER SKID Шина для минипогрузчика";"0";"15390"
"10636";"12-16.5 14PR BOSSMAN MASTER DEVIL Шина для минипогрузчика";"0";"15800"
"10952";"12-16.5 12PR 145A8 T608 HERADE Шина для минипогрузчика";"1";"24230"
"11333";"14-17.5 14PR TL T601 HERADE Шина для минипогрузчика";"12";"27810"
"11527";"27х8.5-15 8PR TL 101A8 T601 HERADE Шина для минипогрузчика";"0";"8580"
"11885";"10-16.5 10PR TL HERADE T608 Шина для минипогрузчика";"0";"0"
"11285";"12-16.5 12PR 144A8 T608 OTRSTAR Шина для минипогрузчика";"0";"24230"
"11284";"10-16.5 T608 10PR 134A8 TL OTRSTAR Шина для минипогрузчика";"2";"19110"
"9247";"4.00-8 8PR TTF C601 EKKA Шина для вилочного погрузчика ";"2";"3630"
"9158";"5.00-8 10PR TTF C601 EKKA Шина для вилочного погрузчика ";"139";"4960"
"9159";"6.00-9 10PR TTF C601 EKKA Шина для вилочного погрузчика";"70";"7710"
"9160";"6.50-10 12PR TTF C601 EKKA Шина для вилочного погрузчика ";"1";"9170"
"9248";"7.00-12 12PR TTF C601 EKKA Шина для вилочного погрузчика ";"0";"12000"
"9252";"9.00-20 14PR TTF C601 EKKA Шина для вилочного погрузчика ";"0";"34780"
"9236";"23х9-10 18PR TTF C601 EKKA Шина для вилочного погрузчика";"33";"13100"
"9307";"250-15 16PR TTF C601 EKKA Шина для вилочного погрузчика ";"21";"21550"
"9251";"27х10-12 24PR TTF C601 EKKA Шина для вилочного погрузчика ";"0";"12170"
"9249";"28х9-15 14PR TTF C601 EKKA Шина для вилочного погрузчика";"6";"14440"
"9250";"300-15 20PR TTF C601 EKKA Шина для вилочного погрузчика";"6";"29330"
"9161";"8.25-15 14PR TTF C601 EKKA Шина для вилочного погрузчика";"37";"22260"
"10537";"27х10-12 16PR TTF C601 EKKA Шина для вилочного погрузчика ";"0";"20090"
"9734";"21х8-9 14PR TTF Шина пневматическая EKKA C601";"15";"10890"
"10852";"10.00-20 20PR TTF C601 EKKA Шина для вилочного погрузчика";"2";"42260"
"10853";"12.00-20 20PR TTF C601 EKKA Шина для вилочного погрузчика";"28";"56130"
"11220";"15х4 1/2-8 CLIP EKKA Шина цельнолитая для вилочного погрузчика";"28";"6050"
"11221";"15х4 1/2-8 CLIP NM EKKA белая Шина цельнолитая для вилочного погрузчика";"8";"6620"
"11222";"15х4 1/2-8 STANDART EKKA Шина цельнолитая для вилочного погрузчика";"0";"6050"
"11223";"16х6-8 CLIP EKKA Шина цельнолитая для вилочного погрузчика";"2";"10300"
"11224";"16х6-8 CLIP NM EKKA белая Шина цельнолитая для вилочного погрузчика";"0";"10580"
"11225";"18х7-8 CLIP EKKA Шина цельнолитая для вилочного погрузчика";"27";"10910"
"11226";"18х7-8 CLIP NM EKKA белая Шина цельнолитая для вилочного погрузчика";"10";"11230"
"11227";"18х7-8 STANDART EKKA Шина цельнолитая для вилочного погрузчика";"0";"10070"
"11228";"21х8-9 CLIP EKKA Шина цельнолитая для вилочного погрузчика";"4";"19090"
"11229";"21х8-9 CLIP NM EKKA белая Шина цельнолитая для вилочного погрузчика";"0";"19660"
"11230";"23х9-10 CLIP EKKA Шина цельнолитая для вилочного погрузчика";"26";"27310"
"11231";"28х9-15 CLIP EKKA Шина цельнолитая для вилочного погрузчика";"38";"34610"
"11232";"28х9-15 STANDART EKKA Шина цельнолитая для вилочного погрузчика";"16";"34020"
"11233";"5.00-8 Standart EKKA Шина цельнолитая для вилочного погрузчика";"41";"8640"
"11234";"6.00-9 STANDART EKKA Шина цельнолитая для вилочного погрузчика";"30";"12810"
"11235";"6.50-10 Standart EKKA Шина цельнолитая для вилочного погрузчика";"36";"17200"
"11360";"18х7-8  C601 16PR TTF 111A5/125A5 EKKA Шина для вилочного погрузчика";"3";"6350"
"11432";"200/50-10 CLIP EKKA Шина цельнолитая для вилочного погрузчика";"0";"12870"
"11433";"200/50-10 CLIP NM EKKA Шина цельнолитая для вилочного погрузчика";"7";"13230"
"11434";"27x10-12 CLIP EKKA Шина цельнолитая для вилочного погрузчика";"11";"39730"
"11435";"27x10-12 CLIP NM EKKA Шина цельнолитая для вилочного погрузчика";"6";"40350"
"11436";"5.00-8 STANDART NM EKKA Шина цельнолитая для вилочного погрузчика";"18";"9510"
"11437";"6.00-9 STANDART NM EKKA Шина цельнолитая для вилочного погрузчика";"40";"14100"
"11438";"6.50-10 STANDART NM EKKA Шина цельнолитая для вилочного погрузчика";"52";"18900"
"11440";"7.00-12 STANDART NM EKKA Шина цельнолитая для вилочного погрузчика";"20";"26270"
"11441";"7.00-12 Standart EKKA Шина цельнолитая для вилочного погрузчика";"60";"23910"
"11442";"8.25-15 Standart EKKA Шина цельнолитая для вилочного погрузчика";"22";"44360"
"11439";"6.50-10 CLIP EKKA Шина цельнолитая для вилочного погрузчика";"10";"18410"
"11745";"4.00-8/3.00 STANDART EKKA Шина цельнолитая для вилочного погрузчика";"12";"5670"
"11746";"4.00-8/3.00 STANDART NM EKKA Шина цельнолитая для вилочного погрузчика";"10";"6240"
"11915";"140/55-9 Clip EKKA Шина цельнолитая для вилочного погрузчика";"20";"7670"
"11916";"28х9-15 CLIP NM EKKA Шина цельнолитая для вилочного погрузчика";"8";"34220"
"11917";"8.25-15 CLIP EKKA Шина цельнолитая для вилочного погрузчика";"10";"46260"
"7086";"6.00-9 10PR TTF Superguider QH201 Шина для вилочного погрузчика";"30";"6580"
"6961";"7.00-15 12PR TTF QH201 Superguider Шина для вилочного погрузчика";"0";"13800"
"7138";"7.50-15 12PR TTF QH201 Superguider Шина для вилочного погрузчика";"0";"14930"
"7170";"18х7-8 12PR TTF QH201 Superguider Шина для вилочного погрузчика";"0";"4860"
"7144";"28х9-15 14PR TTF QH201 Superguider Шина для вилочного погрузчика";"36";"13890"
"6988";"4.00-8 10PR TTF QH201 Superguider Шина для вилочного погрузчика";"0";"4030"
"7081";"5.00-8 10PR TTF QH201 Superguider Шина для вилочного погрузчика";"168";"3930"
"6875";"6.50-10 12PR TTF QH201 Superguider Шина для вилочного погрузчика";"0";"7000"
"6981";"7.00-12 14PR TTF QH201 Superguider Шина для вилочного погрузчика";"84";"10330"
"7969";"10.00-20 18PR TTF QH202 Superguider Шина для вилочного погрузчика";"0";"38560"
"9431";"8.25-15 14PR TTF QH201 Superguider Шина для вилочного погрузчика";"0";"17310"
"9728";"12.00-20 20PR TTF QH202 Superguider Шина для вилочного погрузчика";"0";"40820"
"7202";"6.50-10 QH304 Superguider Шина цельнолитая для вилочного погрузчика";"0";"16200"
"9653";"5.00-8 QH304 Superguider  Шина цельнолитая для вилочного погрузчика";"3";"8510"
"9654";"7.00-12 QH304 Superguider Шина цельнолитая для вилочного погрузчика";"1";"22140"
"9894";"6.00-9 QH304 Superguider Шина цельнолитая для вилочного погрузчика";"0";"12100"
"7241";"4.00-8 Standart IST Шина цельнолитая для вилочного погрузчика";"22";"5670"
"7197";"5.00-8 Standart IST Шина цельнолитая для вилочного погрузчика";"1";"9450"
"7261";"16х6-8 Standart IST Шина цельнолитая для вилочного погрузчика";"0";"6900"
"7276";"18х7-8 Standart IST Шина цельнолитая для вилочного погрузчика";"0";"8010"
"7272";"6.50-10 Standart IST Шина цельнолитая для вилочного погрузчика";"0";"17860"
"7225";"200/50-10 Standart IST Шина цельнолитая для вилочного погрузчика";"1";"13420"
"7290";"7.00-12 Standart IST Шина цельнолитая для вилочного погрузчика";"0";"24760"
"8354";"8.25-15 Standart IST Шина цельнолитая для вилочного погрузчика";"12";"46120"
"7296";"9.00-20 Standart IST Шина цельнолитая для вилочного погрузчика";"4";"93080"
"7295";"10.00-20 Standart IST Шина цельнолитая для вилочного погрузчика";"6";"109660"
"7264";"12.00-20 Standart IST Шина цельнолитая для вилочного погрузчика";"8";"154130"
"7266";"15х4 1/2-8 CLIP IST Шина цельнолитая для вилочного погрузчика";"0";"4370"
"7195";"5.00-8 CLIP IST Шина цельнолитая для вилочного погрузчика";"1";"9450"
"7204";"16х6-8 CLIP IST Шина цельнолитая для вилочного погрузчика";"0";"6920"
"7208";"18х7-8 CLIP IST Шина цельнолитая для вилочного погрузчика";"0";"10780"
"7211";"21х8-9 CLIP IST Шина цельнолитая для вилочного погрузчика";"12";"19850"
"7270";"6.50-10 CLIP IST Шина цельнолитая для вилочного погрузчика";"0";"19090"
"7298";"23х9-10 CLIP IST Шина цельнолитая для вилочного погрузчика";"14";"28350"
"7223";"200/50-10 CLIP IST Шина цельнолитая для вилочного погрузчика";"0";"13420"
"7209";"7.00-12 CLIP IST Шина цельнолитая для вилочного погрузчика";"0";"19450"
"7284";"27х10-12 CLIP IST Шина цельнолитая для вилочного погрузчика";"0";"40640"
"11744";"300-15 CLIP IST Шина цельнолитая для вилочного погрузчика";"6";"59540"
"7288";"355/65-15 CLIP IST Шина цельнолитая для вилочного погрузчика";"4";"86940"
"7234";"8.25-15 CLIP IST Шина цельнолитая для вилочного погрузчика";"7";"46120"
"7230";"250-15 CLIP IST Шина цельнолитая для вилочного погрузчика";"0";"46080"
"7287";"28х9-15 CLIP IST Шина цельнолитая для вилочного погрузчика";"14";"34130"
"7267";"15х4 1/2-8 CLIP NM белая IST Шина цельнолитая для вилочного погрузчика";"0";"4930"
"7205";"16х6-8 CLIP NM белая IST Шина цельнолитая для вилочного погрузчика";"0";"7920"
"7274";"18х7-8 CLIP NM белая IST Шина цельнолитая для вилочного погрузчика";"0";"9210"
"7196";"5.00-8 STANDART NM белая IST Шина цельнолитая для вилочного погрузчика";"0";"9830"
"7213";"21х8-9 STANDART NM белая IST Шина цельнолитая для вилочного погрузчика";"0";"15760"
"7279";"6.00-9 STANDART NM белая IST Шина цельнолитая для вилочного погрузчика";"2";"14650"
"7224";"200/50-10 CLIP NM белая IST Шина цельнолитая для вилочного погрузчика";"1";"14080"
"7235";"23х9-10 CLIP NM белая IST Шина цельнолитая для вилочного погрузчика";"2";"29770"
"7271";"6.50-10 STANDART NM белая IST Шина цельнолитая для вилочного погрузчика";"0";"13260"
"7289";"7.00-12 STANDART NM белая IST Шина цельнолитая для вилочного погрузчика";"0";"27220"
"7285";"27х10-12 CLIP NM белая IST Шина цельнолитая для вилочного погрузчика";"13";"42710"
"7226";"28х9-15 CLIP NM белая IST CLIP NM Шина цельнолитая для вилочного погрузчика";"9";"35850"
"7240";"4.00-8 STANDART NM IST Шина цельнолитая для вилочного погрузчика";"8";"6240"
"7280";"6.00-9 STANDART IST Шина цельнолитая для вилочного погрузчика";"0";"13290"
"7231";"250-15 CLIP NM IST Шина цельнолитая для вилочного погрузчика";"0";"31890"
"7232";"250-15 STANDART NM IST Шина цельнолитая для вилочного погрузчика";"0";"31890"
"8338";"300-15 STANDART IST Шина цельнолитая для вилочного погрузчика";"0";"49140"
"6976";"9.00-20 14PR TTF C601 HUITON Шина для вилочного погрузчика";"0";"27680"
"7137";"7.50-15 12PR TTF C601 HUITON Шина для вилочного погрузчика";"68";"18620"
"6874";"6.50-10 12PR TTF C601 HUITON Шина для вилочного погрузчика";"0";"5430"
"7077";"4.00-8 8PR TTF C601 HUITON Шина для вилочного погрузчика";"0";"3540"
"6889";"300-15 20PR TTF C601 HUITON Шина для вилочного погрузчика";"0";"17590"
"7080";"5.00-8 10PR TTF HUITON C601 Шина для вилочного погрузчика";"0";"3220"
"6865";"18х7-8 16PR TTF HUITON C601 Шина для вилочного погрузчика";"41";"6350"
"6980";"7.00-12 14PR TTF C601 HUITON Шина для вилочного погрузчика";"0";"7330"
"6960";"7.00-15 12PR TTF C601 HUITON Шина для вилочного погрузчика";"0";"8840"
"11493";"5.00-8 10PR 120A5 TTF C604 (HT606) HUITON Шина для вилочного погрузчика";"51";"4220"
"7199";"5.00-8 EU SOLID STAR Шина цельнолитая для вилочного погрузчика";"35";"12790"
"7203";"6.50-10 EU SOLID STAR Шина цельнолитая для вилочного погрузчика";"0";"19860"
"7278";"18х7-8 EU CLICK SOLID STAR Шина цельнолитая для вилочного погрузчика";"0";"14190"
"7207";"16х6-8 EU CLICK SOLID STAR EU CLICK Шина цельнолитая для вилочного погрузчика";"1";"10770"
"8178";"6.50-10 EU CLICK SOLID STAR Шина цельнолитая для вилочного погрузчика";"0";"21770"
"8195";"6.50-10 EU NM SOLID STAR Шина цельнолитая для вилочного погрузчика";"1";"23150"
"8194";"16х6-8 EU NM SOLID STAR Шина цельнолитая для вилочного погрузчика";"0";"9110"
"8193";"18х7-8 EU NM SOLID STAR Шина цельнолитая для вилочного погрузчика";"0";"13200"
"8196";"21х8-9 EU NM SOLID STAR Шина цельнолитая для вилочного погрузчика";"0";"21100"
"8197";"23х9-10 EU NM SOLID STAR Шина цельнолитая для вилочного погрузчика";"0";"30360"
"8192";"5.00-8 EU NM SOLID STAR Шина цельнолитая для вилочного погрузчика";"20";"11400"
"9473";"28х9-15 EU STANDART SOLID STAR Шина цельнолитая для вилочного погрузчика";"0";"35730"
"9472";"4.00-8 EU STANDART NM SOLID STAR Шина цельнолитая для вилочного погрузчика";"0";"8290"
"9474";"200/50-10 EU CLICK SOLID STAR Шина цельнолитая для вилочного погрузчика";"6";"17820"
"9481";"18х7-8 EU STANDART SOLID STAR Шина цельнолитая для вилочного погрузчика";"0";"13440"
"9477";"15х4 1/2-8 EU CLICK SOLID STAR Шина цельнолитая для вилочного погрузчика";"4";"6730"
"9476";"15х4 1/2-8 EU CLICK NM SOLID STAR Шина цельнолитая для вилочного погрузчика";"1";"7860"
"9471";"8.25-15 EU CLICK SOLID STAR Шина цельнолитая для вилочного погрузчика";"0";"54000"
"9733";"7.00-12 EU SOLID STAR Шина цельнолитая для вилочного погрузчика";"1";"26270"
"10836";"250-15 EU CLICK SOLID STAR Шина цельнолитая для вилочного погрузчика";"0";"43010"
"10835";"140/55-9 EU Click SOLID STAR Шина цельнолитая для вилочного погрузчика";"0";"6520"
"10834";"21х8-9 EU Click SOLID STAR Шина цельнолитая для вилочного погрузчика";"2";"20280"
"11380";"28х9-15 EU CLICK NM SOLID STAR Шина цельнолитая для вилочного погрузчика";"12";"40470"
"11381";"250-15 EU CLICK NM SOLID STAR Шина цельнолитая для вилочного погрузчика";"4";"47630"
"11382";"23х9-10 EU CLICK NM SOLID STAR Шина цельнолитая для вилочного погрузчика";"12";"31930"
"10178";"4.00-8 EU STANDART SOLID STAR Шина цельнолитая для вилочного погрузчика";"0";"7350"
"9973";"7.00-12 EU NM SOLID STAR Шина цельнолитая для вилочного погрузчика";"0";"29320"
"9890";"21х8-9 EU Click NM SOLID STAR Шина цельнолитая для вилочного погрузчика";"0";"23740"
"10179";"28х9-15 EU CLICK SOLID STAR Шина цельнолитая для вилочного погрузчика";"1";"38820"
"9746";"200/50-10 EU CLICK NM SOLID STAR Шина цельнолитая для вилочного погрузчика";"10";"20310"
"9933";"18х7-8 EU CLICK NM SOLID STAR Шина цельнолитая для вилочного погрузчика";"0";"16590"
"10463";"16х6-8 EU CLICK NM SOLID STAR Шина цельнолитая для вилочного погрузчика";"0";"12610"
"11286";"6.00-9 EU STANDART SOLID STAR Шина цельнолитая для вилочного погрузчика";"0";"15540"
"10628";"6.50-10 10PR BOSSMAN MASTER LIFT Шина для вилочного погрузчика";"0";"4130"
"10630";"28х9-15 14PR BOSSMAN MASTER LIFT Шина для вилочного погрузчика";"0";"8130"
"10629";"8.25-15 14PR BOSSMAN MASTER LIFT Шина для вилочного погрузчика";"0";"13630"
"11362";"5.00-8 10PR TTF C604 HERADE Шина для вилочного погрузчика ";"0";"0"
"11363";"6.50-10 12PR TTF C604 HERADE Шина для вилочного погрузчика ";"0";"7790"
"11364";"7.00-12 12PR TTF C604 HERADE Шина для вилочного погрузчика ";"90";"10720"
"11365";"28х9-15 14PR TTF C604 HERADE Шина для вилочного погрузчика";"34";"14610"
"11492";"8.25-15 14PR HERADE C604 (HT606) TTF 155A5 Шина для вилочного погрузчика";"40";"18350"
"11494";"6.00-9 10PR 130A5 TTF C604 (HT606) HERADE Шина для вилочного погрузчика";"5";"5900"
"11236";"6.50-10 Standart KINGSOLID Шина цельнолитая для вилочного погрузчика";"0";"15880"
"10782";"6.50-10 10PR 118A8 TTF AEOLUS AIND11 Шина для вилочного погрузчика";"0";"7430"
"11770";"300-15 STANDART 102 HUABEIFENG Шина цельнолитая для вилочного погрузчика";"1";"44540"
"11769";"28x9-15 STANDART 102 HUABEIFENG Шина цельнолитая для вилочного погрузчика";"1";"26330"
"11768";"6.50-10 STANDART 102 HUABEIFENG Шина цельнолитая для вилочного погрузчика";"4";"14410"
"11767";"5.00-8 STANDART 102 HUABEIFENG Шина цельнолитая для вилочного погрузчика";"0";"7960"
"11766";"4.00-8 STANDART 102 HUABEIFENG Шина цельнолитая для вилочного погрузчика";"15";"5770"
"9238";"23х10-12 20PR TTF C601 MAXAM Шина для вилочного погрузчика";"4";"8520"
"9315";"12.5/80-18 12PR EKR-4 EKKA Шина для экскаватора-погрузчика";"62";"23680"
"9204";"12.5/80-18 14PR EKT-2 EKKA Шина для экскаватора-погрузчика";"0";"27610"
"9206";"16.9-24 12PR EKR-4 EKKA Шина для экскаватора-погрузчика";"26";"41470"
"9205";"16.9-24 14PR EKT-2 EKKA Шина для экскаватора-погрузчика";"24";"44130"
"9305";"16.9-28 12PR EKR-4 EKKA Шина для экскаватора-погрузчика";"5";"49660"
"9228";"16.9-28 14PR EKT-2 EKKA Шина для экскаватора-погрузчика";"1";"51930"
"9583";"18.4-26 12PR EKR-4 EKKA Шина для экскаватора-погрузчика";"37";"49800"
"10358";"19.5L-24 14PR EKR-4 EKKA Шина для экскаватора-погрузчика";"66";"54000"
"9584";"405/70-20 (16/70-20) 16PR TL EKKA EKR-4 Шина для экскаватора-погрузчика";"53";"37740"
"9233";"16/70-24 (405/70-24) 14PR EKKA Z601 Шина для экскаватора-погрузчика";"35";"48900"
"9232";"16/70-20 (405/70-20) 14PR EKKA Z601 Шина для экскаватора-погрузчика";"26";"41150"
"9246";"12.5/80-18 12PR TL Шина пневматическая N707 EKKA";"0";"14820"
"10340";"405/70-24 (16/70-24) 16PR TL EKKA EKR-4 Шина для экскаватора-погрузчика";"44";"43610"
"9306";"16.9-28 14PR EKR-4 EKKA Шина для экскаватора-погрузчика";"20";"51610"
"11663";"12.5/80-18 16PR 148A8 TL MS907(L-5) EKKA Шина для экскаватора-погрузчика";"12";"31860"
"11664";"16.9-28 158A8 16PR TL MS907(L-5) EKKA Шина для экскаваторов-погрузчиков";"52";"69750"
"7761";"21L-24 12PR Superguider QH601 Шина для экскаватора-погрузчика";"0";"65850"
"9426";"16/70-20 (405/70-20) 16PR Superguider QH811 Шина для экскаватора-погрузчика";"21";"36840"
"7149";"15.5/80-24 (400/80-24) 12PR Superguider QH602 Шина для экскаватора-погрузчика";"17";"41900"
"9525";"18.4-26 14PR Superguider QH601 Шина для экскаватора-погрузчика";"0";"50460"
"7169";"17.5L-24 12PR Superguider QH601 Шина для экскаватора-погрузчика";"12";"43790"
"7031";"405/70-24 (16/70-24) 14PR Superguider M880 Шина для экскаватора-погрузчика";"0";"43290"
"7000";"405/70-20 (16/70-20) 14PR Superguider M880 Шина для экскаватора-погрузчика";"0";"39690"
"7001";"19.5L-24 12PR Superguider QH608 Шина для экскаватора-погрузчика";"1";"65070"
"7107";"19.5L-24 12PR Superguider QH609 Шина для экскаватора-погрузчика";"0";"29780"
"7073";"16.9-28 12PR Superguider QH601 Шина для экскаватора-погрузчика";"98";"43320"
"7104";"16.9-24 12PR QH601 Superguider Шина для экскаватора-погрузчика";"123";"40590"
"7036";"12.5/80-18 12PR Superguider QH603 Шина для экскаватора-погрузчика";"0";"12070"
"7103";"12.5/80-18 12PR QH604 Superguider Шина для экскаватора-погрузчика";"0";"20660"
"9428";"19.5L-24 12PR TL Шина пневматическая Superguider QH601";"0";"43870"
"9427";"19.5L-24 16PR TL Шина пневматическая Superguider QH608L";"0";"54790"
"9932";"12.5/80-18 16PR TL Шина пневматическая Superguider QH608";"56";"29310"
"9931";"16.9-28 16PR TL Шина пневматическая Superguider QH608";"39";"53750"
"10270";"16.9-24 QH608 12PR Superguider Шина для экскаватора-погрузчика";"18";"50650"
"10212";"21L-24 16PR Superguider QH601 Шина для экскаватора-погрузчика";"3";"65850"
"9585";"21L-24 16PR Primex R4 Шина для экскаватора-погрузчика";"0";"42590"
"10637";"12.5/80-18 12PR BOSSMAN MASTER FORCE Шина для экскаватора-погрузчика";"0";"11620"
"10638";"16.9-28 12PR TL Шина пневматическая BOSSMAN MASTER POWER";"0";"31610"
"nt18426tc107pr12";"18.4-26 TC-107 12PR NorTec Шина для экскаватора-погрузчика";"0";"0"
"nt16928tc107pr12";"16.9-28 TC-107 12PR NorTec Шина для экскаватора-погрузчика";"0";"0"
"nt16924tc108pr12";"16.9-24 TC-108 12PR NorTec Шина для экскаватора-погрузчика";"0";"0"
"8048";"20.5/70-16 E3/L3 14PR EKKA Шина для фронтального погрузчика";"10";"23660"
"9007";"23.5-25 L5 24PR EKKA Шина для фронтального погрузчика";"0";"209440"
"11396";"23.5-25 L5 28PR EKKA Шина для фронтального погрузчика";"0";"211820"
"7049";"15.5-25 12PR TL Шина пневматическая Superguider QH807";"0";"22210"
"6921";"17.5-25 16PR TL Шина пневматическая Superguider QH808";"0";"25950"
"6925";"17.5-25 16PR TL Шина пневматическая Superguider QH807";"0";"27500"
"9524";"17.5-25 20PR TL QH812 Superguider Шина для фронтального погрузчика";"10";"52940"
"6926";"17.5-25 16PR TL L5 Superguider Шина для фронтального погрузчика";"2";"113750"
"6986";"20.5-25 16PR TL QH807 Superguider Шина для фронтального погрузчика";"0";"35560"
"9521";"20.5-25 20PR TL Шина пневматическая Superguider QH808";"34";"73170"
"9526";"23.5-25 20PR TL QH808 Superguider Шина для фронтального погрузчика";"32";"93390"
"7141";"23.5-25 20PR TL QH812 Superguider Шина для фронтального погрузчика";"12";"100120"
"9523";"17.5-25 20PR TL Шина пневматическая Superguider QH811";"51";"52940"
"6907";"20.5-25 20PR TL Шина пневматическая Superguider QH811";"11";"77240"
"6905";"20.5-25 20PR TL Шина пневматическая Superguider QH812";"0";"77240"
"7048";"15.5-25 12PR TL QH808 Superguider Шина для фронтального погрузчика";"39";"40520"
"6955";"15.5-25 16PR TL QH811 Superguider Шина для фронтального погрузчика";"19";"53670"
"7139";"23.5-25 20PR TL QH811 Superguider Шина для фронтального погрузчика";"18";"100120"
"8436";"23.5-25 20PR TL Шина пневматическая Superguider L5";"0";"192500"
"6924";"17.5-25 16PR TL Шина пневматическая Superguider QH811";"0";"48840"
"7120";"17.5-25 16PR TL Шина пневматическая Superguider QH812";"0";"48860"
"9522";"17.5-25 20PR TL Шина пневматическая Superguider QH808";"50";"52990"
"6987";"20.5-25 16PR TL Шина пневматическая Superguider QH808";"0";"41910"
"7899";"20.5-25 20PR TL Шина пневматическая Superguider L5";"24";"151720"
"6989";"23.5-25 16PR TL Шина пневматическая Superguider QH808";"0";"48630"
"7762";"26.5-25 28PR TL Шина пневматическая Superguider QH811";"0";"176330"
"9533";"26.5-25 28PR TL Шина пневматическая Superguider QH812";"0";"176330"
"9458";"29.5-25 28PR TL Шина пневматическая Superguider QH811";"0";"202680"
"9716";"23.5-25 20PR TL Шина пневматическая Superguider QH811 NEW";"0";"115310"
"9711";"17.5-25 20PR TL Шина пневматическая Superguider QH811 NEW";"0";"59980"
"9778";"17.5-25 20PR TL Шина пневматическая Superguider QH812 NEW";"0";"59980"
"9715";"20.5-25 20PR TL Шина пневматическая Superguider QH811 NEW";"0";"89780"
"9860";"20.5-25 20PR TL Шина пневматическая Superguider QH812 NEW";"0";"45620"
"9929";"15.5-25 16PR TL Шина пневматическая Superguider QH808";"0";"42080"
"9930";"17.5-25 20PR TL Шина пневматическая Superguider L5";"58";"114010"
"9953";"23.5-25 24PR TL Шина пневматическая Superguider QH811 NEW";"0";"112050"
"10431";"20.5/70-16 QH811 14PR Superguider Шина для фронтального погрузчика";"18";"21310"
"10687";"23.5-25 QH812 24PR Superguider Шина для фронтального погрузчика";"0";"105180"
"8217";"23.5-25 L5 24PR Superguider Шина для фронтального погрузчика";"64";"193350"
"10235";"23.5-25 24PR TL QH811 SUPERGUIDER Шина для фронтального погрузчика";"64";"105180"
"7294";"17.5-25 Шина цельнолитая IST Standart E3/L3";"0";"383240"
"7254";"20.5-25 Шина цельнолитая IST Standart E3/L3";"0";"560560"
"8426";"23.5-25 IST Standart E3/L3 Шина цельнолитая для фронтального погрузчика";"0";"747180"
"10899";"14.00-24 WHEELS STANDARD IST Шина для фронтального погрузчика";"0";"313900"
"9322";"20.5-25 20PR TL Шина пневматическая Hengruida Z601";"16";"83210"
"10003";"17.5-25 20PR TL Шина пневматическая Hengruida Z601";"24";"58450"
"10002";"23.5-25 24PR TL Шина пневматическая Hengruida Z601";"0";"110880"
"9406";"23.5-25 20PR TL Шина пневматическая Hengruida Z601";"4";"106610"
"11622";"20.5-25 20PR TT Шина пневматическая Hengruida Z601";"8";"89390"
"11665";"17.5-25 20PR TT Hengruida Z601 Шина для фронтального погрузчика";"8";"64050"
"8826";"23.5-25 24PR  TTF Шина пневматическая Power Advance E3E";"0";"61210"
"8828";"26.5-25 28PR TTF Шина пневматическая Power Advance E3/L3";"0";"110030"
"10449";"23.5R25 185B/201A2 ** BOTO GCB5 E3/L3 Шина для фронтального погрузчика";"4";"162900"
"10450";"17.5R25 167B/182A2 ** BOTO GCA1 E-3/L-3 Шина для фронтального погрузчика";"0";"78000"
"10741";"17.5R25 167B/182A2 TL ** BOTO GCB5 E3/L3 Шина для фронтального погрузчика";"0";"82350"
"10744";"26.5R25 209A2/193B ** BOTO GCB5 E4/L4 Шина для фронтального погрузчика";"2";"278500"
"10774";"23.5R25 185B/201A2 ** BOTO GCB5 E4/L4 Шина для фронтального погрузчика";"2";"190650"
"10772";"26.5R25 ** 209A2 TL GCA8 L-5 BOTO Шина для фронтального погрузчика";"0";"320040"
"10773";"29.5R25 ** 200B/216A2 TL GCB5 E4/L4 BOTO Шина для фронтального погрузчика";"2";"345920"
"10639";"17.5-25 16PR TL Шина пневматическая BOSSMAN MASTER LOADER";"0";"33450"
"10640";"23.5-25 20PR TL Шина пневматическая BOSSMAN MASTER LOADER";"0";"64240"
"10954";"23.5-25 HT239 TL 24PR HERADE Шина для фронтального погрузчика ";"0";"88320"
"10984";"17.5-25 HT239 TL 20PR HERADE Шина для фронтального погрузчика ";"21";"47460"
"11623";"17.5-25 HT239 TT 20PR HERADE Шина для фронтального погрузчика ";"0";"50930"
"11624";"23.5-25 HT239 TT 20PR HERADE Шина для фронтального погрузчика ";"53";"96690"
"11666";"23.5-25 HT239 TT 24PR HERADE Шина для фронтального погрузчика ";"20";"98280"
"11367";"15.5-25 L2 12PR TL HALITRAX Шина для фронтального погрузчика";"34";"42840"
"11368";"17.5-25 L2 16PR TL HALITRAX Шина для фронтального погрузчика";"43";"59520"
"11397";"26.5-25 28PR TL L3 HALITRAX Шина на фронтальный погрузчик";"0";"153620"
"11524";"29.5-25 L3 28PR Halitrax Шина для фронтального погрузчика ";"3";"223420"
"nt20525er106pr20";"20.5-25 ER-106 20PR NorTec Шина для фронтального погрузчика";"0";"0"
"nt17525er106pr16";"17.5-25 ER-106 16PR NorTec Шина для фронтального погрузчика";"0";"0"
"nt23525er106pr20";"23.5-25 ER-106 20PR NorTec Шина для фронтального погрузчика";"0";"0"
"nt17525er205pr16";"17.5-25 ER-205 16PR NorTec Шина для фронтального погрузчика";"0";"0"
"nt20525er205pr20";"20.5-25 ER-205 20PR NorTec Шина для фронтального погрузчика";"0";"0"
"nt23525er205pr20";"23.5-25 ER-205 20PR NorTec Шина для фронтального погрузчика";"0";"0"
"nt17525er612pr16";"17.5-25 ER-612 16PR NorTec Шина для фронтального погрузчика";"0";"0"
"nt20525er612pr20";"20.5-25 ER-612 20PR NorTec Шина для фронтального погрузчика";"0";"0"
"nt23525er612pr20";"23.5-25 ER-612 20PR NorTec Шина для фронтального погрузчика";"0";"0"
"nt23525ind247pr20";"23.5-25 IND-247 20PR NorTec Шина для фронтального погрузчика";"0";"0"
"11757";"15.5-25 20PR 153A8 TTF E3/L3 HUAYI Шина для фронтального погрузчика";"6";"45500"
"11758";"17.5-25 20PR 164B TTF E3/L3 HUAYI Шина для фронтального погрузчика";"16";"47680"
"11759";"20.5-25 20PR 170B TTF E3/L3 HUAYI Шина для фронтального погрузчика";"10";"69800"
"11760";"23.5-25 24PR 180B TTF E3/L3 HUAYI Шина для фронтального погрузчика";"10";"91910"
"11762";"26.5-25 28PR 188B TTF E3/L3 HUAYI Шина для фронтального погрузчика";"2";"149100"
"11761";"23.5-25 24PR 192A8 TTF L5 HUAYI Шина для фронтального погрузчика";"0";"168630"
"9224";"10.00-20 16PR TT Шина пневматическая HT601 EKKA";"155";"27990"
"11133";"9.00-20 HT601 14PR EKKA Шина для колесного экскаватора";"0";"24850"
"7123";"10.00-20 16PR TT Шина пневматическая Superguider QH107";"76";"28260"
"7932";"9.00-20 14PR TT Шина пневматическая Superguider QH107";"30";"24530"
"9171";"9.00-20 14PR TTF Шина пневматическая HUITON HT601";"0";"24490"
"11526";"9.00-20 HT601 14PR HERADE 152A8 TTF Шина для колесного экскаватора";"12";"24490"
"9003";"23.1-26 16PR TL Шина пневматическая Superguider R3";"15";"84530"
"9162";"Шина 13/80-20 C1 TT GALAXY";"25";"45940"
"11764";"23.1-26 18PR 165A8 TL R3 HUAYI Шина для грунтового катка";"0";"65580"
"6936";"14.00-24 16PR TL Шина пневматическая Superguider QH808";"40";"39690"
"6937";"14.00-24 16PR TL Шина пневматическая Superguider QH809";"0";"28060"
"11335";"14.00-24 16PR TL 178A8 G3000 PRIMEX Шина на фронтальный погрузчик";"32";"42000"
"9165";"12.00-24 16PR TTF Шина пневматическая Xin Feiya L4S";"8";"64960"
"9164";"10.00-20 14PR TTF Шина пневматическая Xin Feiya L4S";"24";"40610"
"9166";"14.00-24 24PR TTF Шина пневматическая Xin Feiya L4S";"10";"102700"
"9889";"17.5-25 20PR TTF Шина пневматическая Xin Feiya L5S";"8";"146010"
"9972";"18.00-25 40PR TTF Шина пневматическая Xin Feiya L5S";"6";"247870"
"10448";"17.5R25 162A2 ** BOTO GCB7 L5S Шина для шахтной техники";"10";"133950"
"10743";"18.00R25 204/A2 ** BOTO GCB7 L5S Шина для шахтной техники";"4";"255000"
"10446";"14.00R25 170E *** BOTO GCA5 E-2 Шина для мобильного крана";"0";"87750"
"10447";"16.00R25 177E *** BOTO GCA5 E-2 Шина для модильного крана";"18";"113520"
