"ID (артикул)";"Производитель";"Номенклатура";"Наличие";"Цена"
"9091";"EKKA";"16х8-7 P361 EKKA Шины для квадроциклов";"183";"4200"
"9082";"EKKA";"19х7-8 P311 EKKA Шины для квадроциклов";"91";"5200"
"9081";"EKKA";"19х9.50-8 P311 EKKA Шины для квадроциклов";"1";"5850"
"9092";"EKKA";"20х10-10 P361 EKKA Шины для квадроциклов";"0";"6700"
"9079";"EKKA";"20х10-9 P354 EKKA Шины для квадроциклов";"93";"6500"
"9080";"EKKA";"21х7-10 P354 EKKA Шины для квадроциклов";"78";"5600"
"9090";"EKKA";"21х7-10 P361 EKKA Шины для квадроциклов";"0";"5850"
"9096";"EKKA";"22х10-10 P306 EKKA Шины для квадроциклов";"31";"9200"
"9097";"EKKA";"22х7-10 P306 EKKA Шины для квадроциклов";"43";"6650"
"9078";"EKKA";"3.00-4 P523 EKKA Шины для квадроциклов";"35";"1300"
"9538";"EKKA";"13х5-6 P336 EKKA Шины для квадроциклов";"188";"2050"
"9543";"EKKA";"145/70-6 P319 EKKA Шины для квадроциклов";"44";"2450"
"9324";"EKKA";"145/70-6 P361 EKKA Шины для квадроциклов";"0";"2600"
"9536";"EKKA";"16х8-7 P319 EKKA Шины для квадроциклов";"87";"3500"
"9537";"EKKA";"16х8-7 P329 EKKA Шины для квадроциклов";"0";"3850"
"9327";"EKKA";"20х10-9 P357 EKKA Шины для квадроциклов";"3";"6500"
"9539";"EKKA";"20х11-9 P357 EKKA Шины для квадроциклов";"0";"7450"
"9325";"EKKA";"20х7-8 P322 EKKA Шины для квадроциклов";"109";"4100"
"9326";"EKKA";"21х7-10 P348 EKKA Шины для квадроциклов";"82";"5500"
"9329";"EKKA";"22х10-10 P357 EKKA Шины для квадроциклов";"1";"8700"
"9328";"EKKA";"22х11-9 P357 EKKA Шины для квадроциклов";"0";"8050"
"9544";"EKKA";"22х7-12 P3501 EKKA Шины для квадроциклов";"52";"5000"
"10277";"EKKA";"23х7-10 EKKA EOS Шины для квадроциклов";"107";"6300"
"9331";"EKKA";"25х10-12 P341 EKKA Шины для квадроциклов";"46";"9750"
"11140";"EKKA";"25х10-12 P350 EKKA Шины для квадроциклов";"21";"9800"
"9333";"EKKA";"25х10-R12 P3035 EKKA Шины для квадроциклов";"0";"9350"
"9330";"EKKA";"25х8-12 P341 EKKA Шины для квадроциклов";"34";"8850"
"11139";"EKKA";"25х8-12 P350 EKKA Шины для квадроциклов";"1";"8450"
"9332";"EKKA";"25х8-R12 P3035 EKKA Шины для квадроциклов";"6";"8050"
"9542";"EKKA";"29х11-14 EKKA P350 Шины для квадроциклов";"0";"14600"
"9541";"EKKA";"29х9-14 EKKA P350 Шины для квадроциклов";"1";"12650"
"10279";"EKKA";"25х8-12 Knight EKKA Шины для квадроциклов";"28";"8500"
"7418";"SUN.F";"26х8-14 A-021 SUN.F Шины для квадроциклов";"14";"4200"
"7419";"SUN.F";"26х10-14 A-021 SUN.F Шины для квадроциклов";"0";"4500"
"11143";"EKKA";"27х9-12 P350 EKKA Шины для квадроциклов";"8";"10350"
"11145";"EKKA";"27x11-12 P350 EKKA Шины для квадроциклов";"0";"12150"
"7336";"Superguider";"26х9-12 Knight Superguider Шины для квадроциклов";"0";"7500"
"10274";"EKKA";"26х9-12 Mars EKKA Шины для квадроциклов";"38";"8900"
"7443";"Superguider";"26х9-12 Rhea Superguider Шины для квадроциклов";"1";"6700"
"10275";"EKKA";"26х11-12 Mars EKKA Шины для квадроциклов";"41";"9500"
"7367";"Superguider";"26х12-12 Knight Superguider Шины для квадроциклов";"0";"7030"
"10384";"EKKA";"22х10-10 EOS EKKA Шины для квадроциклов";"0";"8850"
"10272";"EKKA";"25х8-12 Mars EKKA Шины для квадроциклов";"60";"7550"
"9088";"EKKA";"16х6.50-8 P332 EKKA Шины для квадроциклов";"76";"3800"
"9906";"EKKA";"16х6.50-8 P533 EKKA Шины для квадроциклов";"0";"4300"
"9085";"EKKA";"18х9.50-8 P332 EKKA Шины для квадроциклов";"0";"4600"
"9904";"EKKA";"13х4-6 P533 EKKA Шины для квадроциклов";"49";"2250"
"9087";"EKKA";"13х5-6 P332 EKKA Шины для квадроциклов";"1";"2350"
"9905";"EKKA";"15х5-6 P533 EKKA Шины для квадроциклов";"105";"2800"
"9086";"EKKA";"15х6-6 P332 EKKA Шины для квадроциклов";"0";"3400"
"10276";"EKKA";"22х7-10 EOS EKKA Шины для квадроциклов";"0";"5950"
"10088";"EKKA";"19х7-8 P361 EKKA Шины для квадроциклов";"58";"5600"
"10087";"EKKA";"18х9.50-8 P361 EKKA Шины для квадроциклов";"68";"4950"
"9907";"EKKA";"22х11-8 P322 EKKA Шины для квадроциклов";"0";"4950"
"10086";"EKKA";"18х9.50-8 P322 EKKA Шины для квадроциклов";"138";"4750"
"10280";"EKKA";"25х10-12 Knight EKKA Шины для квадроциклов";"1";"9250"
"10321";"EKKA";"26х11-12 Knight EKKA Шины для квадроциклов";"0";"11250"
"10243";"EKKA";"28х8-12 Knight EKKA Шины для квадроциклов";"33";"11500"
"10244";"EKKA";"28х10-12 Knight EKKA Шины для квадроциклов";"62";"12850"
"5247";"EKKA";"Воздушный фильтр EK-3001AB";"142";"4150"
"6328";"EKKA";"Воздушный фильтр EK-3005AB";"279";"3470"
"7746";"EKKA";"Воздушный фильтр EK-3006AB";"87";"3920"
"6329";"EKKA";"Воздушный фильтр EK-3009AB";"133";"2580"
"8376";"EKKA";"Воздушный фильтр EK-3015AB";"91";"1850"
"5113";"EKKA";"Воздушный фильтр EK-3019AB";"245";"5530"
"5248";"EKKA";"Воздушный фильтр EK-3020AB";"186";"4180"
"4568";"EKKA";"Воздушный фильтр EK-3024AB";"38";"5330"
"4914";"EKKA";"Воздушный фильтр EK-3027A";"17";"14140"
"6330";"EKKA";"Воздушный фильтр EK-3028AB";"128";"3220"
"4911";"EKKA";"Воздушный фильтр EK-3029AB";"531";"4980"
"4566";"EKKA";"Воздушный фильтр EK-3035AB";"252";"3540"
"4912";"EKKA";"Воздушный фильтр EK-3043AB";"0";"5310"
"5114";"EKKA";"Воздушный фильтр EK-3044AB";"50";"4460"
"9186";"EKKA";"Воздушный фильтр EK-3046AB";"141";"5350"
"4567";"EKKA";"Воздушный фильтр EK-3047AB";"51";"3570"
"4913";"EKKA";"Воздушный фильтр EK-3050AB";"118";"4930"
"9187";"EKKA";"Воздушный фильтр EK-3052AB";"7";"4580"
"8634";"EKKA";"Воздушный фильтр EK-3054AB";"26";"4210"
"5362";"EKKA";"Воздушный фильтр EK-3057AB";"531";"5290"
"5115";"EKKA";"Воздушный фильтр EK-3065AB";"51";"6260"
"4565";"EKKA";"Воздушный фильтр EK-3075AB";"413";"5580"
"9188";"EKKA";"Воздушный фильтр EK-3081AB";"95";"4480"
"4564";"EKKA";"Воздушный фильтр EK-3090AB";"256";"2660"
"6331";"EKKA";"Воздушный фильтр EK-3091AB";"231";"1890"
"5246";"EKKA";"Воздушный фильтр EK-3505AB";"68";"3400"
"6332";"EKKA";"Воздушный фильтр EK-3585AB";"351";"6470"
"9189";"EKKA";"Воздушный фильтр EK-3700AB";"0";"1870"
"6333";"EKKA";"Воздушный фильтр EK-3802AB";"199";"2960"
"4580";"EKKA";"Воздушный фильтр EK-3803AB";"26";"3350"
"5245";"EKKA";"Воздушный фильтр EK-3804AB";"117";"4880"
"8385";"EKKA";"Воздушный фильтр EK-3904A (EK-9004)";"130";"2790"
"8386";"EKKA";"Воздушный фильтр EK-3904B (EK-9005)";"128";"1510"
"4574";"EKKA";"Воздушный фильтр EK-3906A (EK-9006)";"76";"2480"
"4575";"EKKA";"Воздушный фильтр EK-3906B (EK-9007)";"133";"1180"
"9364";"EKKA";"Воздушный фильтр EK-3546AB";"19";"2320"
"9365";"EKKA";"Воздушный фильтр EK-3547AB";"134";"2610"
"9363";"EKKA";"Воздушный фильтр EK-3557AB";"0";"3000"
"9645";"EKKA";"Воздушный фильтр EK-3936B (EK-9035, EK-9036B)";"192";"4280"
"9644";"EKKA";"Воздушный фильтр EK-3936A (EK-9036, EK-9036A)";"266";"1700"
"8410";"EKKA";"Воздушный фильтр EK-3937A (EK-9037, EK-9037A)";"177";"4630"
"9646";"EKKA";"Воздушный фильтр EK-3937B (EK-9038, EK-9037B)";"215";"1740"
"5249";"EKKA";"Гидравлический фильтр EK-4817 (EK-2017)";"297";"860"
"4901";"EKKA";"Гидравлический фильтр EK-4820 (EK-2020)";"185";"2810"
"4898";"EKKA";"Гидравлический фильтр EK-4829 (EK-2029)";"90";"2370"
"5253";"EKKA";"Гидравлический фильтр EK-4836 (EK-2036)";"233";"630"
"4628";"EKKA";"Гидравлический фильтр EK-4841 (EK-2041)";"38";"1120"
"4902";"EKKA";"Гидравлический фильтр EK-4864 (EK-2064)";"143";"2180"
"4899";"EKKA";"Гидравлический фильтр EK-4869 (EK-2069)";"234";"4160"
"6323";"EKKA";"Гидравлический фильтр EK-4874 (EK-2074)";"231";"2740"
"6324";"EKKA";"Гидравлический фильтр EK-4886 (EK-2086)";"129";"3500"
"9185";"EKKA";"Гидравлический фильтр EK-4813 (EK-2113)";"288";"2500"
"6326";"EKKA";"Гидравлический фильтр EK-4826 (EK-2126)";"30";"1240"
"4627";"EKKA";"Гидравлический фильтр EK-4828 (EK-2128)";"75";"770"
"8374";"EKKA";"Гидравлический фильтр EK-4876 (EK-2176)";"169";"3810"
"8375";"EKKA";"Гидравлический фильтр EK-4877 (EK-2177)";"136";"580"
"7788";"EKKA";"Гидравлический фильтр EK-4888 (EK-2188)";"139";"3140"
"4578";"EKKA";"Гидравлический фильтр EK-4805 (EK-3105)";"32";"3110"
"4871";"EKKA";"Гидравлический фильтр EK-4005";"238";"2530"
"8378";"EKKA";"Гидравлический фильтр EK-4012";"121";"810"
"5111";"EKKA";"Гидравлический фильтр EK-4013";"198";"380"
"4579";"EKKA";"Гидравлический фильтр EK-4014";"147";"1270"
"4569";"EKKA";"Гидравлический фильтр EK-4018";"315";"1040"
"5254";"EKKA";"Гидравлический фильтр EK-4028";"63";"4680"
"8379";"EKKA";"Гидравлический фильтр EK-4033";"91";"1780"
"8380";"EKKA";"Гидравлический фильтр EK-4034";"80";"850"
"5112";"EKKA";"Гидравлический фильтр EK-4035";"112";"1290"
"4874";"EKKA";"Гидравлический фильтр EK-4045";"278";"2000"
"4882";"EKKA";"Гидравлический фильтр EK-4049";"123";"1970"
"5244";"EKKA";"Гидравлический фильтр EK-4052";"106";"1420"
"4873";"EKKA";"Гидравлический фильтр EK-4055";"38";"3140"
"4872";"EKKA";"Гидравлический фильтр EK-4055-1";"153";"3550"
"4904";"EKKA";"Гидравлический фильтр EK-4060";"121";"2590"
"4883";"EKKA";"Гидравлический фильтр EK-4074";"205";"1950"
"5233";"EKKA";"Гидравлический фильтр EK-4080";"241";"810"
"8725";"EKKA";"Гидравлический фильтр EK-4083";"29";"2390"
"4903";"EKKA";"Гидравлический фильтр EK-4087";"13";"2870"
"4906";"EKKA";"Гидравлический фильтр EK-4090";"61";"1620"
"6337";"EKKA";"Гидравлический фильтр EK-4106";"0";"1860"
"4572";"EKKA";"Гидравлический фильтр EK-4118";"108";"3100"
"9190";"EKKA";"Гидравлический фильтр EK-4140";"55";"4380"
"4570";"EKKA";"Гидравлический фильтр EK-4162";"78";"2020"
"4909";"EKKA";"Гидравлический фильтр EK-4165";"40";"820"
"8381";"EKKA";"Гидравлический фильтр EK-4202";"76";"1650"
"6338";"EKKA";"Гидравлический фильтр EK-4203";"140";"1740"
"4571";"EKKA";"Гидравлический фильтр EK-4275";"80";"2440"
"8382";"EKKA";"Гидравлический фильтр EK-4412";"145";"3060"
"7748";"EKKA";"Гидравлический фильтр EK-4439";"128";"3860"
"9219";"EKKA";"Гидравлический фильтр EK-4440";"61";"3900"
"8383";"EKKA";"Гидравлический фильтр EK-4467";"191";"3690"
"9220";"EKKA";"Гидравлический фильтр EK-4421";"87";"5340"
"9361";"EKKA";"Гидравлический фильтр EK-4873 (EK-2073)";"187";"3090"
"9362";"EKKA";"Гидравлический фильтр EK-4809 (EK-3109)";"39";"3690"
"9366";"EKKA";"Гидравлический фильтр EK-4020";"194";"1200"
"6336";"EKKA";"Масляный фильтр EK-2808 (EK-1808)";"381";"2390"
"5241";"EKKA";"Масляный фильтр EK-2823 (EK-1823)";"250";"1700"
"5238";"EKKA";"Масляный фильтр EK-2833 (EK-1833)";"109";"1370"
"4582";"EKKA";"Масляный фильтр EK-2001";"385";"470"
"6320";"EKKA";"Масляный фильтр EK-2003";"192";"820"
"4585";"EKKA";"Масляный фильтр EK-2005";"162";"630"
"4885";"EKKA";"Масляный фильтр EK-2006";"214";"1020"
"4907";"EKKA";"Масляный фильтр EK-2016";"453";"930"
"4583";"EKKA";"Масляный фильтр EK-2018";"555";"1100"
"4908";"EKKA";"Масляный фильтр EK-2024";"178";"1040"
"5250";"EKKA";"Масляный фильтр EK-2030";"270";"780"
"4876";"EKKA";"Масляный фильтр EK-2031";"118";"2120"
"5251";"EKKA";"Масляный фильтр EK-2034";"500";"900"
"4875";"EKKA";"Масляный фильтр EK-2035";"482";"2000"
"4592";"EKKA";"Масляный фильтр EK-2038";"348";"1240"
"5242";"EKKA";"Масляный фильтр EK-2057";"226";"630"
"6321";"EKKA";"Масляный фильтр EK-2059";"63";"460"
"4581";"EKKA";"Масляный фильтр EK-2060";"75";"810"
"4900";"EKKA";"Масляный фильтр EK-2077";"196";"740"
"6322";"EKKA";"Масляный фильтр EK-2095";"101";"680"
"4624";"EKKA";"Масляный фильтр EK-2101";"283";"710"
"4584";"EKKA";"Масляный фильтр EK-2114";"165";"2480"
"8724";"EKKA";"Масляный фильтр EK-2121";"157";"1680"
"6327";"EKKA";"Масляный фильтр EK-2152";"190";"800"
"5239";"EKKA";"Масляный фильтр EK-2156";"190";"1430"
"5252";"EKKA";"Фильтр топливный EK-1004 EKKA";"179";"640"
"4586";"EKKA";"Фильтр топливный EK-1005 EKKA";"317";"520"
"4587";"EKKA";"Фильтр топливный EK-1006 EKKA";"202";"480"
"9173";"EKKA";"Фильтр топливный EK-1008 EKKA";"162";"460"
"4886";"EKKA";"Фильтр топливный EK-1009 EKKA";"252";"700"
"4890";"EKKA";"Фильтр топливный EK-1014 EKKA";"1351";"1410"
"4588";"EKKA";"Фильтр топливный EK-1015 EKKA";"450";"650"
"4589";"EKKA";"Фильтр топливный EK-1016 EKKA";"188";"670"
"6315";"EKKA";"Фильтр топливный EK-1018 EKKA";"398";"500"
"4590";"EKKA";"Фильтр топливный EK-1019 EKKA";"313";"920"
"4877";"EKKA";"Фильтр топливный EK-1020 EKKA";"344";"1290"
"4887";"EKKA";"Фильтр топливный EK-1029 EKKA";"286";"1010"
"4879";"EKKA";"Фильтр топливный EK-1032 EKKA";"139";"760"
"8628";"EKKA";"Фильтр топливный EK-1033 EKKA";"108";"780"
"4896";"EKKA";"Фильтр топливный EK-1039 EKKA";"576";"850"
"9967";"EKKA";"Стакан топливного фильтра EK-8039 (EK-1039 CUP, EK-1040)";"93";"680"
"8372";"EKKA";"Фильтр топливный EK-1041 EKKA";"167";"1720"
"5107";"EKKA";"Фильтр топливный EK-1042 EKKA";"439";"2050"
"5108";"EKKA";"Фильтр топливный EK-1043 EKKA";"355";"1400"
"5109";"EKKA";"Фильтр топливный EK-1044 EKKA (без стакана)";"858";"1130"
"4892";"EKKA";"Фильтр топливный EK-1053 EKKA";"176";"240"
"4895";"EKKA";"Фильтр топливный EK-1055 EKKA";"92";"650"
"4888";"EKKA";"Фильтр топливный EK-1059 EKKA";"195";"1320"
"4893";"EKKA";"Фильтр топливный EK-1067 EKKA";"1137";"2630"
"4889";"EKKA";"Фильтр топливный EK-1068 EKKA";"244";"620"
"4897";"EKKA";"Фильтр топливный EK-1071 EKKA";"240";"1610"
"4880";"EKKA";"Фильтр топливный EK-1076 EKKA";"346";"1500"
"7745";"EKKA";"Фильтр топливный EK-1077 EKKA";"703";"970"
"4591";"EKKA";"Фильтр топливный EK-1081 EKKA";"195";"700"
"4905";"EKKA";"Фильтр топливный EK-1083 EKKA SEPAR SWK-2000/5";"20";"6930"
"9177";"EKKA";"Фильтр топливный EK-1084 EKKA";"365";"1560"
"4881";"EKKA";"Фильтр топливный EK-1087 EKKA";"47";"1350"
"4894";"EKKA";"Фильтр топливный EK-1091 EKKA";"141";"1340"
"8723";"EKKA";"Фильтр топливный EK-1094 EKKA";"153";"1180"
"5243";"EKKA";"Фильтр топливный EK-1096 EKKA";"173";"1720"
"4891";"EKKA";"Фильтр топливный EK-1097 EKKA";"32";"2630"
"9178";"EKKA";"Фильтр топливный EK-1098 EKKA";"514";"4160"
"6316";"EKKA";"Фильтр топливный EK-1105 EKKA";"367";"700"
"5234";"EKKA";"Фильтр топливный EK-1108 EKKA";"125";"1770"
"4625";"EKKA";"Фильтр топливный EK-1111 EKKA";"269";"1190"
"4626";"EKKA";"Фильтр топливный EK-1126 EKKA";"933";"1350"
"8631";"EKKA";"Фильтр топливный EK-1132 EKKA";"171";"800"
"9180";"EKKA";"Фильтр топливный EK-1147 EKKA";"106";"1900"
"6317";"EKKA";"Фильтр топливный EK-1148 EKKA";"96";"1320"
"6318";"EKKA";"Фильтр топливный EK-1171 EKKA";"193";"450"
"9184";"EKKA";"Фильтр топливный EK-1239 EKKA";"235";"1100"
"5110";"EKKA";"Фильтр топливный EK-1800 EKKA";"327";"1040"
"7747";"EKKA";"Фильтр топливный EK-1801 EKKA";"129";"1100"
"5240";"EKKA";"Фильтр топливный EK-1809 EKKA";"228";"1110"
"4573";"EKKA";"Фильтр топливный EK-1810 EKKA";"0";"1040"
"4910";"EKKA";"Фильтр топливный EK-1811 EKKA";"136";"1170"
"6319";"EKKA";"Фильтр топливный EK-1812 EKKA";"173";"680"
"8373";"EKKA";"Фильтр топливный EK-1874 EKKA";"33";"1370"
"9199";"EKKA";"Фильтр топливный EK-1944 (EK-7644) EKKA";"0";"470"
"8413";"EKKA";"Фильтр топливный EK-1139 EKKA";"0";"770"
"10225";"EKKA";"Фильтр топливный EK-1082 EKKA SEPAR SWK-2000/10";"98";"7010"
"9191";"EKKA";"Фильтр кабины EK-5010 (EK-5010A)";"241";"1060"
"9192";"EKKA";"Фильтр кабины EK-5009 (EK-5010B)";"158";"1410"
"9193";"EKKA";"Фильтр кабины EK-5011";"174";"780"
"5237";"EKKA";"Фильтр кабины EK-5016";"19";"1030"
"4577";"EKKA";"Фильтр кабины EK-5018";"6";"1030"
"9194";"EKKA";"Фильтр кабины EK-5020";"227";"1270"
"9195";"EKKA";"Фильтр кабины EK-5051";"67";"920"
"7749";"EKKA";"Фильтр кабины EK-5053";"0";"1110"
"5116";"EKKA";"Фильтр кабины EK-5075";"704";"1420"
"9196";"EKKA";"Фильтр кабины EK-5079";"44";"650"
"9197";"EKKA";"Фильтр кабины EK-5080";"0";"680"
"9198";"EKKA";"Фильтр кабины EK-5100";"0";"560"
"9367";"EKKA";"Воздушный фильтр EK-5031";"135";"1060"
"9368";"EKKA";"Воздушный фильтр EK-5032";"184";"1110"
"9642";"EKKA";"Фильтр кабины EK-5001 (EK-5100)";"225";"1040"
"9641";"EKKA";"Фильтр кабины EK-5070 (EK-5080)";"134";"960"
"9966";"EKKA";"Фильтр охлаждающей жидкости EK-6022 (EK-1022, EK-1122)";"126";"1170"
"9176";"EKKA";"Фильтр охлаждающей жидкости EK-6026 (EK-1026)";"179";"940"
"9639";"EKKA";"Фильтр охлаждающей жидкости EK-6021 (EK-1121, EK-1021)";"913";"940"
"9640";"EKKA";"Фильтр охлаждающей жидкости EK-6025 (EK-1125, EK-1025)";"173";"1120"
"9181";"EKKA";"Фильтр сапуна EK-7361 (EK-1161)";"141";"1170"
"5235";"EKKA";"Фильтр сапуна EK-7451 (EK-3051)";"140";"490"
"5236";"EKKA";"Фильтр сапуна EK-7400 (EK-3100)";"281";"780"
"8384";"EKKA";"Фильтр сапуна EK-7476 (EK-4476)";"145";"540"
"9083";"EKKA";"16х6.50-8 P508 EKKA Шины для квадроциклов";"14";"3800"
"9094";"EKKA";"18х8.50-8 P509 EKKA Шины для квадроциклов";"44";"4750"
"9084";"EKKA";"18х9.50-8 P508 EKKA Шины для квадроциклов";"24";"4200"
"9089";"EKKA";"20х10-8 P332 EKKA Шины для квадроциклов";"32";"5150"
"9095";"EKKA";"205/50-10 P823 EKKA Шины для квадроциклов";"4";"5600"
"9093";"EKKA";"21х12-8 P325 EKKA Шины для квадроциклов";"0";"3850"
"9540";"EKKA";"23х7-10 EKKA P348 Шины для квадроциклов";"74";"6000"
"7436";"SUN.F";"4.10-4 R-012 SUN.F Шины для квадроциклов";"0";"1200"
"10278";"EKKA";"18х9.50-8 LG02 EKKA Шины для квадроциклов";"28";"4600"
"7368";"Superguider";"20х10-8 LG02 Superguider Шины для квадроциклов";"0";"3800"
"10385";"EKKA";"20х11-9 EOS-H EKKA  Шины для квадроциклов";"0";"7900"
"8976";"Superguider";"20х8-8 LG01 Superguider Шины для квадроциклов";"0";"3550"
"10892";"EKKA";"20х8-8 Wave EKKA Шины для квадроциклов";"19";"3900"
"10273";"EKKA";"25х10-12 Mars EKKA Шины для квадроциклов";"51";"9150"
"7334";"Superguider";"26х11-12 Mars Superguider Шины для квадроциклов";"0";"8550"
"10281";"EKKA";"26х11-14 Knight EKKA Шины для квадроциклов";"0";"12400"
"10320";"EKKA";"26х9-12 Knight EKKA Шины для квадроциклов";"2";"9150"
"9311";"EKKA";"10-16.5 10PR EKS-1 EKKA Шина для минипогрузчика";"102";"11410"
"9312";"EKKA";"12-16.5 12PR EKS-1 EKKA Шина для минипогрузчика";"2";"16350"
"9201";"EKKA";"12-16.5 12PR TL Шина пневматическая EKT-2 EKKA";"30";"21650"
"9200";"EKKA";"10-16.5 10PR TL Шина пневматическая EKT-2 EKKA";"126";"17400"
"9241";"EKKA";"10-16.5 10PR TL Шина пневматическая T601 EKKA";"0";"11410"
"9243";"EKKA";"12-16.5 12PR TL Шина пневматическая T601 EKKA";"0";"16350"
"9245";"EKKA";"14-17.5 14PR TL 155A8 T601 EKKA Шина для минипогрузчика";"26";"27810"
"9222";"EKKA";"23х8.5-12 8PR TL 107A8 T601 EKKA Шина для минипогрузчика";"6";"7790"
"9223";"EKKA";"27х8.5-15 8PR TL 101A8 T601 EKKA Шина для минипогрузчика";"19";"9050"
"9244";"EKKA";"33х15.5-16.5 14PR TL 148A8 T601 EKKA Шина для минипогрузчика";"26";"17610"
"9168";"EKKA";"5.70-12 6PR TL EKKA T601 Шина для минипогрузчика";"0";"2610"
"9169";"EKKA";"31х15.5-15 8PR TL 116A8 EKKA T601 Шина для минипогрузчика";"0";"13690"
"7094";"Superguider";"10-16.5 SKS-1 134A8 10PR TL Superguider Шина для минипогрузчика";"49";"10570"
"6919";"Superguider";"10-16.5 SKS-3 12PR TL 138A8 Superguider Шина для минипогрузчика";"52";"19290"
"7115";"Superguider";"10-16.5 12PR 138A8 TL SKS-4 Superguider Шина для минипогрузчика";"0";"19260"
"6978";"Superguider";"10.0/75-15.3 10PR 128A8 QH602 Superguider Шина для минипогрузчика";"8";"12000"
"7113";"Superguider";"12-16.5 12PR TL 144A8 SKS-1 Superguider Шина для минипогрузчика";"86";"13340"
"7171";"Superguider";"11.5/80-15.3 12PR QH602 Superguider Шина для минипогрузчика";"21";"15330"
"6896";"Superguider";"23х8.5-12 6PR TL Шина пневматическая Superguider SKS-5";"0";"4360"
"6900";"Superguider";"14-17.5 14PR TL Шина пневматическая Superguider SKS-1";"0";"23190"
"6915";"Superguider";"12-16.5 12PR TL Шина пневматическая Superguider SKS-5";"0";"10440"
"6966";"Superguider";"12-16.5 14PR TL Шина пневматическая Superguider SKS-3";"1";"25300"
"6985";"Superguider";"15-19.5 14PR TL Шина пневматическая Superguider SKS-1";"11";"36220"
"6967";"Superguider";"12-16.5 14PR TL Шина пневматическая Superguider SKS-4";"0";"24120"
"7249";"IST";"10-16.5 (30х10-20) Колесо цельнолитое WHEELS STANDARD IST (в сборе с диском)";"96";"56170"
"7251";"IST";"12-16.5 (33х12-20) Колесо цельнолитое WHEELS STANDARD IST (в сборе с диском)";"82";"71680"
"7114";"HUITON";"12-16.5 12PR TL Шина пневматическая HUITON T601";"0";"10050"
"6901";"HUITON";"14-17.5 14PR TL Шина пневматическая HUITON T601";"0";"27810"
"9174";"HUITON";"10-16.5 10PR TL Шина пневматическая HUITON T608";"0";"19110"
"9308";"HUITON";"12-16.5 12PR TL Шина пневматическая HUITON T608";"0";"24230"
"9247";"EKKA";"4.00-8 8PR TTF C601 EKKA Шина для вилочного погрузчика ";"2";"3630"
"9158";"EKKA";"5.00-8 10PR TTF C601 EKKA Шина для вилочного погрузчика ";"139";"4960"
"9159";"EKKA";"6.00-9 10PR TTF C601 EKKA Шина для вилочного погрузчика";"70";"7710"
"9160";"EKKA";"6.50-10 12PR TTF C601 EKKA Шина для вилочного погрузчика ";"1";"9170"
"9248";"EKKA";"7.00-12 12PR TTF C601 EKKA Шина для вилочного погрузчика ";"0";"12000"
"9252";"EKKA";"9.00-20 14PR TTF C601 EKKA Шина для вилочного погрузчика ";"0";"34780"
"9236";"EKKA";"23х9-10 18PR TTF C601 EKKA Шина для вилочного погрузчика";"33";"13100"
"9307";"EKKA";"250-15 16PR TTF C601 EKKA Шина для вилочного погрузчика ";"21";"21550"
"9251";"EKKA";"27х10-12 24PR TTF C601 EKKA Шина для вилочного погрузчика ";"0";"12170"
"9249";"EKKA";"28х9-15 14PR TTF C601 EKKA Шина для вилочного погрузчика";"6";"14440"
"9250";"EKKA";"300-15 20PR TTF C601 EKKA Шина для вилочного погрузчика";"6";"29330"
"9161";"EKKA";"8.25-15 14PR TTF C601 EKKA Шина для вилочного погрузчика";"37";"22260"
"6976";"HUITON";"9.00-20 14PR TTF C601 HUITON Шина для вилочного погрузчика";"0";"27680"
"7137";"HUITON";"7.50-15 12PR TTF C601 HUITON Шина для вилочного погрузчика";"68";"18620"
"6874";"HUITON";"6.50-10 12PR TTF C601 HUITON Шина для вилочного погрузчика";"0";"5430"
"7077";"HUITON";"4.00-8 8PR TTF C601 HUITON Шина для вилочного погрузчика";"0";"3540"
"6889";"HUITON";"300-15 20PR TTF C601 HUITON Шина для вилочного погрузчика";"0";"17590"
"7080";"HUITON";"5.00-8 10PR TTF HUITON C601 Шина для вилочного погрузчика";"0";"3220"
"6865";"HUITON";"18х7-8 16PR TTF HUITON C601 Шина для вилочного погрузчика";"41";"6350"
"7086";"Superguider";"6.00-9 10PR TTF Superguider QH201 Шина для вилочного погрузчика";"30";"6580"
"6961";"Superguider";"7.00-15 12PR TTF QH201 Superguider Шина для вилочного погрузчика";"0";"13800"
"7138";"Superguider";"7.50-15 12PR TTF QH201 Superguider Шина для вилочного погрузчика";"0";"14930"
"7170";"Superguider";"18х7-8 12PR TTF QH201 Superguider Шина для вилочного погрузчика";"0";"4860"
"7144";"Superguider";"28х9-15 14PR TTF QH201 Superguider Шина для вилочного погрузчика";"36";"13890"
"6988";"Superguider";"4.00-8 10PR TTF QH201 Superguider Шина для вилочного погрузчика";"0";"4030"
"7081";"Superguider";"5.00-8 10PR TTF QH201 Superguider Шина для вилочного погрузчика";"168";"3930"
"6875";"Superguider";"6.50-10 12PR TTF QH201 Superguider Шина для вилочного погрузчика";"0";"7000"
"6981";"Superguider";"7.00-12 14PR TTF QH201 Superguider Шина для вилочного погрузчика";"84";"10330"
"6980";"HUITON";"7.00-12 14PR TTF C601 HUITON Шина для вилочного погрузчика";"0";"7330"
"7969";"Superguider";"10.00-20 18PR TTF QH202 Superguider Шина для вилочного погрузчика";"0";"38560"
"6960";"HUITON";"7.00-15 12PR TTF C601 HUITON Шина для вилочного погрузчика";"0";"8840"
"9431";"Superguider";"8.25-15 14PR TTF QH201 Superguider Шина для вилочного погрузчика";"0";"17310"
"9728";"Superguider";"12.00-20 20PR TTF QH202 Superguider Шина для вилочного погрузчика";"0";"40820"
"7241";"IST";"4.00-8 Standart IST Шина цельнолитая для вилочного погрузчика";"22";"5670"
"7197";"IST";"5.00-8 Standart IST Шина цельнолитая для вилочного погрузчика";"1";"9450"
"7261";"IST";"16х6-8 Standart IST Шина цельнолитая для вилочного погрузчика";"0";"6900"
"7276";"IST";"18х7-8 Standart IST Шина цельнолитая для вилочного погрузчика";"0";"8010"
"7272";"IST";"6.50-10 Standart IST Шина цельнолитая для вилочного погрузчика";"0";"17860"
"7225";"IST";"200/50-10 Standart IST Шина цельнолитая для вилочного погрузчика";"1";"13420"
"7290";"IST";"7.00-12 Standart IST Шина цельнолитая для вилочного погрузчика";"0";"24760"
"8354";"IST";"8.25-15 Standart IST Шина цельнолитая для вилочного погрузчика";"12";"46120"
"7296";"IST";"9.00-20 Standart IST Шина цельнолитая для вилочного погрузчика";"4";"93080"
"7295";"IST";"10.00-20 Standart IST Шина цельнолитая для вилочного погрузчика";"6";"109660"
"7264";"IST";"12.00-20 Standart IST Шина цельнолитая для вилочного погрузчика";"8";"154130"
"7266";"IST";"15х4 1/2-8 CLIP IST Шина цельнолитая для вилочного погрузчика";"0";"4370"
"7195";"IST";"5.00-8 CLIP IST Шина цельнолитая для вилочного погрузчика";"1";"9450"
"7204";"IST";"16х6-8 CLIP IST Шина цельнолитая для вилочного погрузчика";"0";"6920"
"7208";"IST";"18х7-8 CLIP IST Шина цельнолитая для вилочного погрузчика";"0";"10780"
"7211";"IST";"21х8-9 CLIP IST Шина цельнолитая для вилочного погрузчика";"12";"19850"
"7270";"IST";"6.50-10 CLIP IST Шина цельнолитая для вилочного погрузчика";"0";"19090"
"7298";"IST";"23х9-10 CLIP IST Шина цельнолитая для вилочного погрузчика";"14";"28350"
"7223";"IST";"200/50-10 CLIP IST Шина цельнолитая для вилочного погрузчика";"0";"13420"
"7209";"IST";"7.00-12 CLIP IST Шина цельнолитая для вилочного погрузчика";"0";"19450"
"7284";"IST";"27х10-12 CLIP IST Шина цельнолитая для вилочного погрузчика";"0";"40640"
"11744";"IST";"300-15 CLIP IST Шина цельнолитая для вилочного погрузчика";"6";"59540"
"7288";"IST";"355/65-15 CLIP IST Шина цельнолитая для вилочного погрузчика";"4";"86940"
"7234";"IST";"8.25-15 CLIP IST Шина цельнолитая для вилочного погрузчика";"7";"46120"
"7230";"IST";"250-15 CLIP IST Шина цельнолитая для вилочного погрузчика";"0";"46080"
"7287";"IST";"28х9-15 CLIP IST Шина цельнолитая для вилочного погрузчика";"14";"34130"
"7267";"IST";"15х4 1/2-8 CLIP NM белая IST Шина цельнолитая для вилочного погрузчика";"0";"4930"
"7205";"IST";"16х6-8 CLIP NM белая IST Шина цельнолитая для вилочного погрузчика";"0";"7920"
"7274";"IST";"18х7-8 CLIP NM белая IST Шина цельнолитая для вилочного погрузчика";"0";"9210"
"7196";"IST";"5.00-8 STANDART NM белая IST Шина цельнолитая для вилочного погрузчика";"0";"9830"
"7213";"IST";"21х8-9 STANDART NM белая IST Шина цельнолитая для вилочного погрузчика";"0";"15760"
"7279";"IST";"6.00-9 STANDART NM белая IST Шина цельнолитая для вилочного погрузчика";"2";"14650"
"7224";"IST";"200/50-10 CLIP NM белая IST Шина цельнолитая для вилочного погрузчика";"1";"14080"
"7235";"IST";"23х9-10 CLIP NM белая IST Шина цельнолитая для вилочного погрузчика";"2";"29770"
"7271";"IST";"6.50-10 STANDART NM белая IST Шина цельнолитая для вилочного погрузчика";"0";"13260"
"7289";"IST";"7.00-12 STANDART NM белая IST Шина цельнолитая для вилочного погрузчика";"0";"27220"
"7285";"IST";"27х10-12 CLIP NM белая IST Шина цельнолитая для вилочного погрузчика";"13";"42710"
"7226";"IST";"28х9-15 CLIP NM белая IST CLIP NM Шина цельнолитая для вилочного погрузчика";"9";"35850"
"7199";"SOLID STAR";"5.00-8 EU SOLID STAR Шина цельнолитая для вилочного погрузчика";"35";"12790"
"7203";"SOLID STAR";"6.50-10 EU SOLID STAR Шина цельнолитая для вилочного погрузчика";"0";"19860"
"7278";"SOLID STAR";"18х7-8 EU CLICK SOLID STAR Шина цельнолитая для вилочного погрузчика";"0";"14190"
"7207";"SOLID STAR";"16х6-8 EU CLICK SOLID STAR EU CLICK Шина цельнолитая для вилочного погрузчика";"1";"10770"
"8178";"SOLID STAR";"6.50-10 EU CLICK SOLID STAR Шина цельнолитая для вилочного погрузчика";"0";"21770"
"8195";"SOLID STAR";"6.50-10 EU NM SOLID STAR Шина цельнолитая для вилочного погрузчика";"1";"23150"
"8194";"SOLID STAR";"16х6-8 EU NM SOLID STAR Шина цельнолитая для вилочного погрузчика";"0";"9110"
"8193";"SOLID STAR";"18х7-8 EU NM SOLID STAR Шина цельнолитая для вилочного погрузчика";"0";"13200"
"8196";"SOLID STAR";"21х8-9 EU NM SOLID STAR Шина цельнолитая для вилочного погрузчика";"0";"21100"
"8197";"SOLID STAR";"23х9-10 EU NM SOLID STAR Шина цельнолитая для вилочного погрузчика";"0";"30360"
"7240";"IST";"4.00-8 STANDART NM IST Шина цельнолитая для вилочного погрузчика";"8";"6240"
"8192";"SOLID STAR";"5.00-8 EU NM SOLID STAR Шина цельнолитая для вилочного погрузчика";"20";"11400"
"7280";"IST";"6.00-9 STANDART IST Шина цельнолитая для вилочного погрузчика";"0";"13290"
"7202";"Superguider";"6.50-10 QH304 Superguider Шина цельнолитая для вилочного погрузчика";"0";"16200"
"9473";"SOLID STAR";"28х9-15 EU STANDART SOLID STAR Шина цельнолитая для вилочного погрузчика";"0";"35730"
"7231";"IST";"250-15 CLIP NM IST Шина цельнолитая для вилочного погрузчика";"0";"31890"
"7232";"IST";"250-15 STANDART NM IST Шина цельнолитая для вилочного погрузчика";"0";"31890"
"8338";"IST";"300-15 STANDART IST Шина цельнолитая для вилочного погрузчика";"0";"49140"
"9472";"SOLID STAR";"4.00-8 EU STANDART NM SOLID STAR Шина цельнолитая для вилочного погрузчика";"0";"8290"
"9474";"SOLID STAR";"200/50-10 EU CLICK SOLID STAR Шина цельнолитая для вилочного погрузчика";"6";"17820"
"9481";"SOLID STAR";"18х7-8 EU STANDART SOLID STAR Шина цельнолитая для вилочного погрузчика";"0";"13440"
"9477";"SOLID STAR";"15х4 1/2-8 EU CLICK SOLID STAR Шина цельнолитая для вилочного погрузчика";"4";"6730"
"9476";"SOLID STAR";"15х4 1/2-8 EU CLICK NM SOLID STAR Шина цельнолитая для вилочного погрузчика";"1";"7860"
"9471";"SOLID STAR";"8.25-15 EU CLICK SOLID STAR Шина цельнолитая для вилочного погрузчика";"0";"54000"
"9733";"SOLID STAR";"7.00-12 EU SOLID STAR Шина цельнолитая для вилочного погрузчика";"1";"26270"
"9653";"Superguider";"5.00-8 QH304 Superguider  Шина цельнолитая для вилочного погрузчика";"3";"8510"
"9654";"Superguider";"7.00-12 QH304 Superguider Шина цельнолитая для вилочного погрузчика";"1";"22140"
"9894";"Superguider";"6.00-9 QH304 Superguider Шина цельнолитая для вилочного погрузчика";"0";"12100"
"9315";"EKKA";"12.5/80-18 12PR EKR-4 EKKA Шина для экскаватора-погрузчика";"62";"23680"
"9204";"EKKA";"12.5/80-18 14PR EKT-2 EKKA Шина для экскаватора-погрузчика";"0";"27610"
"9206";"EKKA";"16.9-24 12PR EKR-4 EKKA Шина для экскаватора-погрузчика";"26";"41470"
"9205";"EKKA";"16.9-24 14PR EKT-2 EKKA Шина для экскаватора-погрузчика";"24";"44130"
"9305";"EKKA";"16.9-28 12PR EKR-4 EKKA Шина для экскаватора-погрузчика";"5";"49660"
"9228";"EKKA";"16.9-28 14PR EKT-2 EKKA Шина для экскаватора-погрузчика";"1";"51930"
"9583";"EKKA";"18.4-26 12PR EKR-4 EKKA Шина для экскаватора-погрузчика";"37";"49800"
"10358";"EKKA";"19.5L-24 14PR EKR-4 EKKA Шина для экскаватора-погрузчика";"66";"54000"
"9584";"EKKA";"405/70-20 (16/70-20) 16PR TL EKKA EKR-4 Шина для экскаватора-погрузчика";"53";"37740"
"7761";"Superguider";"21L-24 12PR Superguider QH601 Шина для экскаватора-погрузчика";"0";"65850"
"9585";"Primex";"21L-24 16PR Primex R4 Шина для экскаватора-погрузчика";"0";"42590"
"9426";"Superguider";"16/70-20 (405/70-20) 16PR Superguider QH811 Шина для экскаватора-погрузчика";"21";"36840"
"9233";"EKKA";"16/70-24 (405/70-24) 14PR EKKA Z601 Шина для экскаватора-погрузчика";"35";"48900"
"9232";"EKKA";"16/70-20 (405/70-20) 14PR EKKA Z601 Шина для экскаватора-погрузчика";"26";"41150"
"7149";"Superguider";"15.5/80-24 (400/80-24) 12PR Superguider QH602 Шина для экскаватора-погрузчика";"17";"41900"
"9525";"Superguider";"18.4-26 14PR Superguider QH601 Шина для экскаватора-погрузчика";"0";"50460"
"7169";"Superguider";"17.5L-24 12PR Superguider QH601 Шина для экскаватора-погрузчика";"12";"43790"
"7031";"Superguider";"405/70-24 (16/70-24) 14PR Superguider M880 Шина для экскаватора-погрузчика";"0";"43290"
"7000";"Superguider";"405/70-20 (16/70-20) 14PR Superguider M880 Шина для экскаватора-погрузчика";"0";"39690"
"7001";"Superguider";"19.5L-24 12PR Superguider QH608 Шина для экскаватора-погрузчика";"1";"65070"
"7107";"Superguider";"19.5L-24 12PR Superguider QH609 Шина для экскаватора-погрузчика";"0";"29780"
"7073";"Superguider";"16.9-28 12PR Superguider QH601 Шина для экскаватора-погрузчика";"98";"43320"
"7104";"Superguider";"16.9-24 12PR QH601 Superguider Шина для экскаватора-погрузчика";"123";"40590"
"7036";"Superguider";"12.5/80-18 12PR Superguider QH603 Шина для экскаватора-погрузчика";"0";"12070"
"7103";"Superguider";"12.5/80-18 12PR QH604 Superguider Шина для экскаватора-погрузчика";"0";"20660"
"9246";"EKKA";"12.5/80-18 12PR TL Шина пневматическая N707 EKKA";"0";"14820"
"9428";"Superguider";"19.5L-24 12PR TL Шина пневматическая Superguider QH601";"0";"43870"
"9427";"Superguider";"19.5L-24 16PR TL Шина пневматическая Superguider QH608L";"0";"54790"
"9932";"Superguider";"12.5/80-18 16PR TL Шина пневматическая Superguider QH608";"56";"29310"
"9931";"Superguider";"16.9-28 16PR TL Шина пневматическая Superguider QH608";"39";"53750"
"7294";"IST";"17.5-25 Шина цельнолитая IST Standart E3/L3";"0";"383240"
"7254";"IST";"20.5-25 Шина цельнолитая IST Standart E3/L3";"0";"560560"
"8426";"IST";"23.5-25 IST Standart E3/L3 Шина цельнолитая для фронтального погрузчика";"0";"747180"
"7049";"Superguider";"15.5-25 12PR TL Шина пневматическая Superguider QH807";"0";"22210"
"6921";"Superguider";"17.5-25 16PR TL Шина пневматическая Superguider QH808";"0";"25950"
"6925";"Superguider";"17.5-25 16PR TL Шина пневматическая Superguider QH807";"0";"27500"
"9524";"Superguider";"17.5-25 20PR TL QH812 Superguider Шина для фронтального погрузчика";"10";"52940"
"6926";"Superguider";"17.5-25 16PR TL L5 Superguider Шина для фронтального погрузчика";"2";"113750"
"6986";"Superguider";"20.5-25 16PR TL QH807 Superguider Шина для фронтального погрузчика";"0";"35560"
"9521";"Superguider";"20.5-25 20PR TL Шина пневматическая Superguider QH808";"34";"73170"
"9526";"Superguider";"23.5-25 20PR TL QH808 Superguider Шина для фронтального погрузчика";"32";"93390"
"7141";"Superguider";"23.5-25 20PR TL QH812 Superguider Шина для фронтального погрузчика";"12";"100120"
"9523";"Superguider";"17.5-25 20PR TL Шина пневматическая Superguider QH811";"51";"52940"
"6907";"Superguider";"20.5-25 20PR TL Шина пневматическая Superguider QH811";"11";"77240"
"6905";"Superguider";"20.5-25 20PR TL Шина пневматическая Superguider QH812";"0";"77240"
"7048";"Superguider";"15.5-25 12PR TL QH808 Superguider Шина для фронтального погрузчика";"39";"40520"
"6955";"Superguider";"15.5-25 16PR TL QH811 Superguider Шина для фронтального погрузчика";"19";"53670"
"7139";"Superguider";"23.5-25 20PR TL QH811 Superguider Шина для фронтального погрузчика";"18";"100120"
"8436";"Superguider";"23.5-25 20PR TL Шина пневматическая Superguider L5";"0";"192500"
"8826";"Power Advance";"23.5-25 24PR  TTF Шина пневматическая Power Advance E3E";"0";"61210"
"8828";"Power Advance";"26.5-25 28PR TTF Шина пневматическая Power Advance E3/L3";"0";"110030"
"6924";"Superguider";"17.5-25 16PR TL Шина пневматическая Superguider QH811";"0";"48840"
"7120";"Superguider";"17.5-25 16PR TL Шина пневматическая Superguider QH812";"0";"48860"
"9522";"Superguider";"17.5-25 20PR TL Шина пневматическая Superguider QH808";"50";"52990"
"6987";"Superguider";"20.5-25 16PR TL Шина пневматическая Superguider QH808";"0";"41910"
"7899";"Superguider";"20.5-25 20PR TL Шина пневматическая Superguider L5";"24";"151720"
"6989";"Superguider";"23.5-25 16PR TL Шина пневматическая Superguider QH808";"0";"48630"
"7762";"Superguider";"26.5-25 28PR TL Шина пневматическая Superguider QH811";"0";"176330"
"9533";"Superguider";"26.5-25 28PR TL Шина пневматическая Superguider QH812";"0";"176330"
"9458";"Superguider";"29.5-25 28PR TL Шина пневматическая Superguider QH811";"0";"202680"
"9716";"Superguider";"23.5-25 20PR TL Шина пневматическая Superguider QH811 NEW";"0";"115310"
"9711";"Superguider";"17.5-25 20PR TL Шина пневматическая Superguider QH811 NEW";"0";"59980"
"9778";"Superguider";"17.5-25 20PR TL Шина пневматическая Superguider QH812 NEW";"0";"59980"
"9715";"Superguider";"20.5-25 20PR TL Шина пневматическая Superguider QH811 NEW";"0";"89780"
"9860";"Superguider";"20.5-25 20PR TL Шина пневматическая Superguider QH812 NEW";"0";"45620"
"9929";"Superguider";"15.5-25 16PR TL Шина пневматическая Superguider QH808";"0";"42080"
"9930";"Superguider";"17.5-25 20PR TL Шина пневматическая Superguider L5";"58";"114010"
"9953";"Superguider";"23.5-25 24PR TL Шина пневматическая Superguider QH811 NEW";"0";"112050"
"9322";"Hengruida";"20.5-25 20PR TL Шина пневматическая Hengruida Z601";"16";"83210"
"10003";"Hengruida";"17.5-25 20PR TL Шина пневматическая Hengruida Z601";"24";"58450"
"10002";"Hengruida";"23.5-25 24PR TL Шина пневматическая Hengruida Z601";"0";"110880"
"9224";"EKKA";"10.00-20 16PR TT Шина пневматическая HT601 EKKA";"155";"27990"
"7123";"Superguider";"10.00-20 16PR TT Шина пневматическая Superguider QH107";"76";"28260"
"9171";"HUITON";"9.00-20 14PR TTF Шина пневматическая HUITON HT601";"0";"24490"
"7932";"Superguider";"9.00-20 14PR TT Шина пневматическая Superguider QH107";"30";"24530"
"6936";"Superguider";"14.00-24 16PR TL Шина пневматическая Superguider QH808";"40";"39690"
"6937";"Superguider";"14.00-24 16PR TL Шина пневматическая Superguider QH809";"0";"28060"
"9165";"Xin Feiya";"12.00-24 16PR TTF Шина пневматическая Xin Feiya L4S";"8";"64960"
"9164";"Xin Feiya";"10.00-20 14PR TTF Шина пневматическая Xin Feiya L4S";"24";"40610"
"9166";"Xin Feiya";"14.00-24 24PR TTF Шина пневматическая Xin Feiya L4S";"10";"102700"
"9889";"Xin Feiya";"17.5-25 20PR TTF Шина пневматическая Xin Feiya L5S";"8";"146010"
"9972";"Xin Feiya";"18.00-25 40PR TTF Шина пневматическая Xin Feiya L5S";"6";"247870"
"9003";"Superguider";"23.1-26 16PR TL Шина пневматическая Superguider R3";"15";"84530"
"10442";"EKKA";"W15x28 ET31 PCD5x335 HUB289.5 EKKA Диск для экскаватора-погрузчика";"33";"36960"
"6517";"LANTIAN";"15Lx24 ET36 PCD5x335 HUB290 LANTIAN Диск для экскаватора-погрузчика ";"0";"31980"
"6507";"LANTIAN";"9.75x16.5 ET0 PCD8x203.2 HUB152.4 LANTIAN Диск для минипогрузчика";"0";"13180"
"6524";"LANTIAN";"8.25x16.5 ET14 PCD8x203.2 HUB152.4 LANTIAN Диск для минипогрузчика";"0";"12920"
"6497";"LANTIAN";"7.00T-15 ET77 PCD6x200 HUB150 LANTIAN Диск для вилочного погрузчика";"0";"13890"
"6496";"LANTIAN";"7.00T-15 ET10 PCD6x220 HUB165 LANTIAN Диск для вилочного погрузчика";"0";"13890"
"6498";"LANTIAN";"7.00T-15 ET19 PCD6x220 HUB175 LANTIAN Диск для вилочного погрузчика";"0";"13890"
"6528";"LANTIAN";"3.00D-8 ET0 PCD5x145 HUB110 LANTIAN Диск для вилочного погрузчика";"0";"2820"
"6539";"LANTIAN";"3.00D-8 ET0 PCD6x125 HUB100 LANTIAN Диск для вилочного погрузчика";"0";"2820"
"6537";"LANTIAN";"3.00D-8 ET0 PCD6x148 HUB110 LANTIAN Диск для вилочного погрузчика";"-15";"2820"
"6536";"LANTIAN";"4.00E-9 ET0 PCD6x180 HUB150 LANTIAN Диск для вилочного погрузчика";"0";"3280"
"6540";"LANTIAN";"4.00E-9 ET0 PCD8x160 HUB130 LANTIAN Диск для вилочного погрузчика";"0";"3280"
"6542";"LANTIAN";"5.00F-10 ET0 PCD6x180 HUB150 LANTIAN Диск для вилочного погрузчика";"0";"3510"
"6493";"LANTIAN";"5.00F-10 ET0 PCD8x160 HUB130 LANTIAN Диск для вилочного погрузчика";"0";"3510"
"6494";"LANTIAN";"5.00S-12 ET0 PCD6x200 HUB150 LANTIAN Диск для вилочного погрузчика";"0";"5540"
"6495";"LANTIAN";"5.00S-12 ET0 PCD6x220 HUB170 LANTIAN Диск для вилочного погрузчика";"0";"5540"
"6543";"LANTIAN";"5.00S-12 ET0 PCD8x190 HUB145 LANTIAN Диск для вилочного погрузчика";"0";"5540"
"6526";"LANTIAN";"4.00E-9 ET0 PCD6x170 HUB140 LANTIAN Диск для вилочного погрузчика";"0";"3280"
"6516";"LANTIAN";"5.00F-10 ET0 PCD6x170 HUB140 LANTIAN Диск для вилочного погрузчика";"0";"2850"
"10439";"EKKA";"7.00T-15 ET-30 PCD6x220 HUB170 EKKA для вилочного погрузчика";"156";"10910"
"6518";"LANTIAN";"15Lx24 ET82 PCD5x335 HUB290 LANTIAN Диск для экскаватора-погрузчика ";"0";"31980"
"9319";"LANTIAN";"19.50/2.5-25 ET0 PCD10x480 HUB420 LANTIAN Диск для фронтального погрузчика";"0";"61180"
"6512";"LANTIAN";"11.75x22.5 ET0 PCD10x335 HUB281 LANTIAN Диск грузовой";"34";"7640"
"10440";"EKKA";"8.25x16.5 ET14 PCD8x203.2 HUB152.4 EKKA Диск для минипогрузчика";"294";"10640"
"6504";"Jantsa";"8.25x16.5 ET14 PCD8x203.2 HUB152.4 Jantsa Диск для минипогрузчика";"0";"9000"
"10441";"EKKA";"9.75x16.5 ET0 PCD8x203.2 HUB152.4 EKKA Диск для минипогрузчика";"380";"10050"
"6508";"Jantsa";"9.75x16.5 ET0 PCD8x203.2 HUB152.4 Jantsa Диск для минипогрузчика";"0";"10500"
"10436";"EKKA";"3.00D-8 ET0 PCD6x125 HUB100 EKKA Диск для вилочного погрузчика";"211";"1900"
"10437";"EKKA";"3.00D-8 ET0 PCD6x148 HUB110 EKKA Диск для вилочного погрузчика";"0";"1900"
"10438";"EKKA";"5.00F-10 ET0 PCD6x180 HUB150 EKKA Диск для вилочного погрузчика";"9";"3090"
"10443";"EKKA";"W9x18 ET0 PCD5x335 HUB290.5 EKKA Диск для экскаватора-погрузчика";"23";"11160"
"10399";"EKKA";"16х6.50-8 LG04 EKKA Шина для квадроциклов";"40";"3600"
"10530";"EKKA";"Гидравлический фильтр EK-4060-1";"131";"2440"
"6577";"Armour";"Камера 19.5-24 для шин";"0";"3750"
"9700";"Superguider";"Камера 18.4-26 для шин";"23";"4370"
"6579";"Норм";"Камера 16.9-28 для шин";"2";"6840"
"9695";"Superguider";"Камера 14.9-24 для шин";"2";"4260"
"9696";"Superguider";"Камеры 15.5-25 для шин";"41";"4440"
"6602";"Armour";"Камера 11.00-20 для шин";"375";"1400"
"8132";"Superguider";"Камера 23.5-25 для шин";"230";"10010"
"8502";"Superguider";"Камера 20.5-25 для шин";"95";"9430"
"9697";"Superguider";"Камера 17.5-25 для шин";"0";"5600"
"6616";"Armour";"Камера 10.00-20 для шин";"2";"1090"
"11011";"EKKA";"Камера 28х9-15 для шин";"57";"1120"
"11010";"EKKA";"Камера 7.00-12 для шин";"175";"1020"
"11009";"EKKA";"Камера 6.50-10 для шин";"0";"850"
"11008";"EKKA";"Камера 6.00-9 для шин";"95";"670"
"11007";"EKKA";"Камера 5.00-8 для шин";"11";"600"
"11602";"EKKA";"Камера 4.00-8 для шин";"198";"660"
"11599";"EKKA";"Камера 16/70-20 для шин";"96";"3050"
"9724";"Superguider";"Камера 16/70-24 для шин";"0";"3820"
"9661";"Armour";"Камера 14.00-24 для шин";"0";"3220"
"11853";"EKKA";"Камера 14.9-28 для шин";"131";"5020"
"11863";"EKKA";"Камера 20.5/70-16 для шин";"49";"2350"
"11600";"EKKA";"Камера 300-15 для шин";"83";"1860"
"11859";"EKKA";"Камера 13х5-6 TR13 для шин";"0";"900"
"10468";"Nexen";"Камера 13х5-6 TR87 для шин";"23";"920"
"11862";"EKKA";"Камера 18х8.50/9.50-8 для шин";"0";"1640"
"11861";"EKKA";"Камера 16х6.50-8 TR13 для шин";"0";"1540"
"11860";"EKKA";"Камера 15х6-6 для шин";"0";"970"
"10103";"Nexen";"Камера 20х8-8 TR13 для шин";"12";"1520"
"9282";"Nexen";"Камера 20х8-10 для шин";"0";"1100"
"10340";"EKKA";"405/70-24 (16/70-24) 16PR TL EKKA EKR-4 Шина для экскаватора-погрузчика";"44";"43610"
"10537";"EKKA";"27х10-12 16PR TTF C601 EKKA Шина для вилочного погрузчика ";"0";"20090"
"10324";"EKKA";"20х10-9 EOS EKKA  Шины для квадроциклов";"28";"7000"
"11012";"EKKA";"Камера 18.00-25 для шин";"8";"6100"
"10262";"EKKA";"Гидравлический фильтр EK-4610";"159";"1500"
"7733";"Норм";"Камера 12.5/80-18 для шин";"18";"1990"
"8538";"Норм";"Камера 16.9-24 для шин";"0";"6870"
"11603";"EKKA";"Камера 8.25-15 для шин";"104";"1860"
"6569";"Armour";"Камера 9.50-16 для шин";"80";"940"
"11865";"EKKA";"Камера 29.5-25 для шин";"40";"16020"
"11864";"EKKA";"Камера 26.5-25 для шин";"50";"13730"
"7794";"Kabat";"Камера 12.00-20 для шин";"0";"2020"
"8016";"Норм";"Камера 12.00-24 для шин";"0";"3420"
"9663";"Nexen";"Камера 10.0/75-15.3 для шин";"0";"1810"
"7878";"Барнаул";"Камера 8.25-20 для шин";"0";"2090"
"10077";"Россия";"Камера 9.00-20 для шин";"0";"1810"
"10159";"Норм";"Камера 5.00-10 для шин";"2";"830"
"6573";"Норм";"Камера 7.50-16 для шин";"14";"1140"
"8575";"EKKA";"Ободная лента 15.5-25";"33";"1970"
"8143";"EKKA";"Ободная лента 17.5-25";"230";"2070"
"8503";"EKKA";"Ободная лента 20.5-25";"34";"2400"
"11013";"EKKA";"Ободная лента 23.5-25";"27";"2560"
"6639";"NO NAME";"Ободная лента 23х10-12";"2";"140"
"11870";"EKKA";"Ободная лента 16.00-24";"4";"1480"
"8353";"Норм";"Ободная лента 5.00-8";"0";"320"
"9386";"Норм";"Ободная лента 6.00-9";"0";"330"
"9351";"Kabat";"Ободная лента 6.50-10";"0";"510"
"6641";"Норм";"Ободная лента 6.7-20";"12";"440"
"6628";"STARCO";"Ободная лента 7.00-15";"0";"400"
"8604";"NO NAME";"Ободная лента 7.7-20";"0";"630"
"10886";"Норм";"Ободная лента 8.15-15";"0";"450"
"7962";"Kabat";"Ободная лента 8.25-15";"0";"640"
"6625";"NO NAME";"Ободная лента 9.00-16";"0";"170"
"10393";"NO NAME";"Кольцо уплотнительное 7 мм";"11";"710"
"10394";"NO NAME";"Кольцо уплотнительное 9 мм";"161";"820"
"10290";"EKKA";"27х11-14 Atlas EKKA Шины для квадроциклов";"0";"12650"
"10289";"EKKA";"27х9-14 Atlas EKKA Шины для квадроциклов";"0";"11750"
"8630";"Superguider";"26х9-14 Atlas Superguider Шины для квадроциклов";"0";"6850"
"10552";"EKKA";"22х11-8 P323 EKKA Шины для квадроциклов ";"82";"4900"
"10307";"EKKA";"13х5-6 LG01 EKKA Шины для квадроциклов";"13";"2350"
"10314";"EKKA";"145/70-6 CETO EKKA Шины для квадроциклов ";"128";"2600"
"10308";"EKKA";"15х6-6 LG01 EKKA Шины для квадроциклов ";"48";"3640"
"10309";"EKKA";"16х6.50-8 LG01 EKKA Шины для квадроциклов";"117";"3920"
"10313";"EKKA";"18х8.50-8 LG03 EKKA Шины для квадроциклов";"0";"4500"
"10310";"EKKA";"18х8.50-8 Wave EKKA Шины для квадроциклов";"124";"4640"
"10591";"EKKA";"18х9.50-8 Wave EKKA Шины для квадроциклов";"126";"4600"
"10312";"EKKA";"20х10-8 Wave EKKA Шины для квадроциклов";"2";"5150"
"10311";"EKKA";"20х8-10 Wave EKKA Шины для квадроциклов";"76";"5050"
"10292";"EKKA";"21х7-10 EOS EKKA Шины для квадроциклов";"75";"5600"
"10322";"EKKA";"26х9-12 Vulcan EKKA Шины для квадроциклов";"49";"11050"
"10298";"EKKA";"27х11-12 Vulcan EKKA Шины для квадроциклов";"70";"14050"
"10302";"EKKA";"27х11-14 Vulcan EKKA Шины для квадроциклов";"0";"13700"
"10297";"EKKA";"27х9-12 Vulcan EKKA Шины для квадроциклов";"56";"11600"
"10301";"EKKA";"27х9-14 Vulcan EKKA Шины для квадроциклов";"0";"12050"
"10300";"EKKA";"28х11-12 Vulcan EKKA Шины для квадроциклов";"20";"16500"
"10304";"EKKA";"28х11-14 Vulcan EKKA Шины для квадроциклов";"0";"14950"
"10299";"EKKA";"28х9-12 Vulcan EKKA Шины для квадроциклов";"17";"14400"
"10303";"EKKA";"28х9-14 Vulcan EKKA Шины для квадроциклов";"1";"13000"
"10306";"EKKA";"30х11-14 Vulcan EKKA Шины для квадроциклов";"2";"16350"
"10305";"EKKA";"30х9-14 Vulcan EKKA Шины для квадроциклов";"0";"14650"
"10323";"EKKA";"26х11-12 Vulcan EKKA Шины для квадроциклов";"60";"12500"
"10590";"EKKA";"22х11-8 Ares EKKA Шины для квадроциклов ";"44";"5300"
"10282";"EKKA";"26х9-14 Knight EKKA Шины для квадроциклов";"48";"10500"
"10284";"EKKA";"27х10-12 Knight EKKA Шины для квадроциклов";"13";"10250"
"10283";"EKKA";"27х8-12 Knight EKKA Шины для квадроциклов";"0";"9500"
"10288";"EKKA";"27х11-12 Mars EKKA Шины для квадроциклов";"57";"11100"
"10287";"EKKA";"27х9-12 Mars EKKA Шины для квадроциклов";"60";"10300"
"10286";"EKKA";"29х11-14 Atlas EKKA Шины для квадроциклов";"40";"15360"
"10285";"EKKA";"29х9-14 Atlas EKKA Шины для квадроциклов";"38";"13350"
"10446";"BOTO";"14.00R25 170E *** BOTO GCA5 E-2 Шина для мобильного крана";"0";"87750"
"10447";"BOTO";"16.00R25 177E *** BOTO GCA5 E-2 Шина для модильного крана";"18";"113520"
"10448";"BOTO";"17.5R25 162A2 ** BOTO GCB7 L5S Шина для шахтной техники";"10";"133950"
"10449";"BOTO";"23.5R25 185B/201A2 ** BOTO GCB5 E3/L3 Шина для фронтального погрузчика";"4";"162900"
"10450";"BOTO";"17.5R25 167B/182A2 ** BOTO GCA1 E-3/L-3 Шина для фронтального погрузчика";"0";"78000"
"10628";"BOSSMAN";"6.50-10 10PR BOSSMAN MASTER LIFT Шина для вилочного погрузчика";"0";"4130"
"10633";"BOSSMAN";"12-16.5 12PR BOSSMAN MASTER SKID Шина для минипогрузчика";"0";"9780"
"10630";"BOSSMAN";"28х9-15 14PR BOSSMAN MASTER LIFT Шина для вилочного погрузчика";"0";"8130"
"10637";"BOSSMAN";"12.5/80-18 12PR BOSSMAN MASTER FORCE Шина для экскаватора-погрузчика";"0";"11620"
"10629";"BOSSMAN";"8.25-15 14PR BOSSMAN MASTER LIFT Шина для вилочного погрузчика";"0";"13630"
"10634";"BOSSMAN";"14-17.5 14PR BOSSMAN MASTER SKID Шина для минипогрузчика";"0";"15390"
"10636";"BOSSMAN";"12-16.5 14PR BOSSMAN MASTER DEVIL Шина для минипогрузчика";"0";"15800"
"10638";"BOSSMAN";"16.9-28 12PR TL Шина пневматическая BOSSMAN MASTER POWER";"0";"31610"
"10639";"BOSSMAN";"17.5-25 16PR TL Шина пневматическая BOSSMAN MASTER LOADER";"0";"33450"
"10640";"BOSSMAN";"23.5-25 20PR TL Шина пневматическая BOSSMAN MASTER LOADER";"0";"64240"
"9734";"EKKA";"21х8-9 14PR TTF Шина пневматическая EKKA C601";"15";"10890"
"9162";"Galaxy";"Шина 13/80-20 C1 TT GALAXY";"25";"45940"
"10741";"BOTO";"17.5R25 167B/182A2 TL ** BOTO GCB5 E3/L3 Шина для фронтального погрузчика";"0";"82350"
"10744";"BOTO";"26.5R25 209A2/193B ** BOTO GCB5 E4/L4 Шина для фронтального погрузчика";"2";"278500"
"10743";"BOTO";"18.00R25 204/A2 ** BOTO GCB7 L5S Шина для шахтной техники";"4";"255000"
"10774";"BOTO";"23.5R25 185B/201A2 ** BOTO GCB5 E4/L4 Шина для фронтального погрузчика";"2";"190650"
"10270";"Superguider";"16.9-24 QH608 12PR Superguider Шина для экскаватора-погрузчика";"18";"50650"
"10431";"Superguider";"20.5/70-16 QH811 14PR Superguider Шина для фронтального погрузчика";"18";"21310"
"10687";"Superguider";"23.5-25 QH812 24PR Superguider Шина для фронтального погрузчика";"0";"105180"
"8217";"Superguider";"23.5-25 L5 24PR Superguider Шина для фронтального погрузчика";"64";"193350"
"10752";"EKKA";"205/50-10 GF02 EKKA Шины для квадроциклов";"0";"5200"
"10772";"BOTO";"26.5R25 ** 209A2 TL GCA8 L-5 BOTO Шина для фронтального погрузчика";"0";"320040"
"10773";"BOTO";"29.5R25 ** 200B/216A2 TL GCB5 E4/L4 BOTO Шина для фронтального погрузчика";"2";"345920"
"10235";"Superguider";"23.5-25 24PR TL QH811 SUPERGUIDER Шина для фронтального погрузчика";"64";"105180"
"10810";"EKKA";"13х5-6 Wave EKKA Шины для квадроциклов";"63";"2350"
"6962";"Superguider";"23х8.5-12 8PR SKS-5 Superguider Шина для минипогрузчика";"18";"7250"
"10836";"SOLID STAR";"250-15 EU CLICK SOLID STAR Шина цельнолитая для вилочного погрузчика";"0";"43010"
"10835";"SOLID STAR";"140/55-9 EU Click SOLID STAR Шина цельнолитая для вилочного погрузчика";"0";"6520"
"10834";"SOLID STAR";"21х8-9 EU Click SOLID STAR Шина цельнолитая для вилочного погрузчика";"2";"20280"
"10674";"EKKA";"4.00E-9 ET0 PCD6x170 HUB140 EKKA Диск для вилочного погрузчика";"49";"2380"
"10675";"EKKA";"4.00E-9 ET0 PCD6x180 HUB150 EKKA Диск для вилочного погрузчика";"26";"2380"
"10676";"EKKA";"4.00E-9 ET0 PCD8x160 HUB130 EKKA Диск для вилочного погрузчика";"65";"3250"
"10677";"EKKA";"4.33R-8 ET0 PCD5x145 HUB110 EKKA Диск для вилочного погрузчика";"349";"4700"
"10678";"EKKA";"5.00F-10 ET0 PCD8x160 HUB130 EKKA Диск для вилочного погрузчика";"154";"3630"
"10679";"EKKA";"7.00T-15 ET77 PCD6x200 HUB150 EKKA Диск для вилочного погрузчика";"90";"10910"
"10680";"EKKA";"7.00T-15 ET19 PCD6x220 HUB175 EKKA Диск для вилочного погрузчика";"259";"10910"
"7370";"Superguider";"16х6.50-8 LG01 SUPERGUIDER Шины для квадроциклов";"0";"2690"
"10809";"КАМА";"275/70R22.5 NU-301 КАМА Шина грузовая универсальная";"0";"27020"
"KAMA29580225NU301";"КАМА";"295/80R22.5 NU-301 M+S КАМА Шина грузовая универсальная";"0";"28390"
"8556";"КАМА";"215/75R17.5 NU-301 КАМА Шина грузовая универсальная";"0";"14090"
"10338";"КАМА";"225/75R17.5 NU-301 КАМА Шина грузовая универсальная";"0";"10090"
"KAMA24570195NU301";"КАМА";"245/70R19.5 NU-301 M+S КАМА Шина грузовая универсальная";"0";"15730"
"KAMA26570195NU301";"КАМА";"265/70R19.5 NU-301 M+S КАМА Шина грузовая универсальная";"0";"17370"
"6815";"ANNAITE";"315/70R22.5 D 785 ANNAITE Шина грузовая ведущая";"2";"26850"
"6726";"ANNAITE";"315/80R22.5 D 755 ANNAITE Шина грузовая ведущая";"0";"26490"
"9870";"ANNAITE";"315/80R22.5 F 766 ANNAITE Шина грузовая рулевая";"0";"26340"
"6725";"ANNAITE";"315/80R22.5 ON/OFF 700 ANNAITE Шина грузовая ведущая";"0";"27500"
"6708";"ANNAITE";"385/65R22.5 T 396 ANNAITE Шина грузовая прицеп";"0";"29150"
"6816";"ANNAITE";"8.25R16 LT D 306 ANNAITE Шина грузовая ведущая";"1";"9550"
"6752";"КАМА";"12.00R20 ИД-304 U КАМА Шина грузовая универсальная";"0";"23050"
"10553";"КАМА";"385/65R22.5 F NF-202 КАМА Шина грузовая рулевая";"0";"35200"
"10486";"КАМА";"265/70R19.5 F NF-202 КАМА Шина грузовая рулевая";"0";"21080"
"10248";"КАМА";"245/70R19.5 F NF-202 КАМА Шина грузовая рулевая";"0";"19280"
"10037";"КАМА";"315/70R22.5 F NF-202 КАМА Шина грузовая рулевая";"0";"29360"
"9103";"КАМА";"235/75R17.5 F NF-202 КАМА Шина грузовая рулевая";"0";"15530"
"8587";"КАМА";"12R22.5 F NF-202 КАМА Шина грузовая рулевая";"0";"37840"
"8110";"КАМА";"315/80R22.5 F NF-202 КАМА Шина грузовая рулевая";"0";"40480"
"7778";"КАМА";"215/75R17.5 F NF-202 КАМА Шина грузовая рулевая";"0";"13970"
"KAMA22575175NF202";"КАМА";"225/75R17.5 F NF-202 КАМА Шина грузовая рулевая";"0";"0"
"KAMA24570175NF202";"КАМА";"245/70R17.5 F NF-202 КАМА Шина грузовая рулевая";"0";"0"
"KAMA28570195NF202";"КАМА";"285/70R19.5 F NF-202 КАМА Шина грузовая рулевая";"0";"0"
"KAMA29575225NF202";"КАМА";"295/75R22.5 F NF-202 КАМА Шина грузовая рулевая";"0";"0"
"KAMA29580225NF202";"КАМА";"295/80R22.5 F NF-202 КАМА Шина грузовая рулевая";"0";"0"
"KAMA27570225NF202";"КАМА";"275/70R22.5 F NF-202 КАМА Шина грузовая рулевая";"0";"0"
"9791";"КАМА";"8.25R20 НК-240 TT U Кама Шина грузовая универсальная";"0";"14050"
"7779";"КАМА";"215/75R17.5 D NR-201 КАМА Шина грузовая ведущая";"0";"14250"
"8207";"КАМА";"245/70R19.5 D NR-201 КАМА Шина грузовая ведущая";"0";"19990"
"KAMA27570225NR201";"КАМА";"275/70R22.5 D NR-201 КАМА Шина грузовая ведущая";"0";"0"
"KAMA28570195NR201";"КАМА";"285/70R19.5 D NR-201 КАМА Шина грузовая ведущая";"0";"0"
"KAMA31560225NR201";"КАМА";"315/60R22.5 D NR-201 КАМА Шина грузовая ведущая";"0";"0"
"6690";"КАМА";"315/80R22.5 D NR-201 КАМА Шина грузовая ведущая";"0";"28980"
"KAMA22575175NR202";"КАМА";"225/75R17.5 D NR-202 КАМА Шина грузовая ведущая";"0";"0"
"KAMA23575175NR202";"КАМА";"235/75R17.5 D NR-202 КАМА Шина грузовая ведущая";"0";"0"
"KAMA24570175NR202";"КАМА";"245/70R17.5 D NR-202 КАМА Шина грузовая ведущая";"0";"0"
"KAMA26570195NR202";"КАМА";"265/70R19.5 D NR-202 КАМА Шина грузовая ведущая";"0";"0"
"KAMA29575225NR202";"КАМА";"295/75R22.5 D NR-202 КАМА Шина грузовая ведущая";"0";"0"
"9136";"КАМА";"295/80R22.5 D NR-202 КАМА Шина грузовая ведущая";"0";"31570"
"6706";"КАМА";"315/70R22.5 D NR-202 КАМА Шина грузовая ведущая";"0";"31630"
"KAMA21575175NT202";"КАМА";"215/75R17.5 T NT-202 КАМА Шина грузовая на прицеп";"0";"0"
"8871";"КАМА";"235/75R17.5 T NT-202 КАМА Шина грузовая на прицеп";"0";"16690"
"KAMA24570195NT202";"КАМА";"245/70R19.5 T NT-202 КАМА Шина грузовая на прицеп";"0";"0"
"KAMA26570195NT202";"КАМА";"265/70R19.5 T NT-202 КАМА Шина грузовая на прицеп";"0";"0"
"KAMA38565225NT202";"КАМА";"385/65R22.5 T NT-202 КАМА Шина грузовая на прицеп";"0";"0"
"8569";"КАМА";"245/70R19.5 F NF-201 КАМА Шина грузовая рулевая";"0";"15730"
"KAMA27570225NF201";"КАМА";"275/70R22.5 F NF-201 КАМА Шина грузовая рулевая";"0";"0"
"6701";"КАМА";"295/80R22.5 F NF-201 КАМА Шина грузовая рулевая";"0";"28020"
"6775";"КАМА";"315/80R22.5 F NF-201 КАМА Шина грузовая рулевая";"0";"31960"
"10852";"EKKA";"10.00-20 20PR TTF C601 EKKA Шина для вилочного погрузчика";"2";"42260"
"10853";"EKKA";"12.00-20 20PR TTF C601 EKKA Шина для вилочного погрузчика";"28";"56130"
"8444";"КАМА";"12R22.5 U NU-701 КАМА Шина грузовая универсальная";"0";"37400"
"9134";"КАМА";"295/80R22.5 U NU-701 КАМА Шина грузовая универсальная";"0";"37260"
"KAMA31580225NU701";"КАМА";"315/80R22.5 U NU-701 КАМА Шина грузовая универсальная";"0";"30430"
"KAMA1200R20NR701";"КАМА";"12.00R20 NR-701 D КАМА Шина грузовая ведущая";"0";"34250"
"KAMA1200R24NR701";"КАМА";"12.00R24 NR-701 D КАМА Шина грузовая ведущая";"0";"41650"
"10890";"EKKA";"15х6-6 Wave EKKA Шины для квадроциклов";"0";"3400"
"10895";"EKKA";"215/40-12 P825 EKKA Шины для квадроциклов";"16";"5850"
"9306";"EKKA";"16.9-28 14PR EKR-4 EKKA Шина для экскаватора-погрузчика";"20";"51610"
"9406";"Hengruida";"23.5-25 20PR TL Шина пневматическая Hengruida Z601";"4";"106610"
"10212";"Superguider";"21L-24 16PR Superguider QH601 Шина для экскаватора-погрузчика";"3";"65850"
"10884";"EKKA";"19x7-8 P327 EKKA Шины для квадроциклов";"0";"4970"
"10883";"EKKA";"18x9.50-8 P316 EKKA Шины для квадроциклов";"0";"5120"
"10952";"HERADE";"12-16.5 12PR 145A8 T608 HERADE Шина для минипогрузчика";"1";"24230"
"10954";"HERADE";"23.5-25 HT239 TL 24PR HERADE Шина для фронтального погрузчика ";"0";"88320"
"10899";"IST";"14.00-24 WHEELS STANDARD IST Шина для фронтального погрузчика";"0";"313900"
"10968";"EKKA";"16х6.50-8 Wave EKKA Шины для квадроциклов";"0";"3800"
"10984";"HERADE";"17.5-25 HT239 TL 20PR HERADE Шина для фронтального погрузчика ";"21";"47460"
"10983";"SKLD";"3.00D-8 ET0 PCD6x148 HUB110 SKLD Диск для вилочного погрузчика";"206";"2040"
"11014";"EKKA";"Ободная лента 18.00-25";"87";"2270"
"11015";"EKKA";"Ободная лента 16/70-24 (405/70-24)";"20";"1380"
"11026";"EKKA";"22х11-9 EOS-H EKKA  Шины для квадроциклов";"33";"8250"
"11113";"EKKA";"Стакан топливного фильтра EK-8044 EKKA";"134";"680"
"11100";"EKKA";"Топливный фильтр EK-1803 EKKA";"45";"670"
"11097";"EKKA";"Топливный фильтр EK-1051 EKKA";"52";"1270"
"11116";"EKKA";"Топливный фильтр EK-1860 EKKA";"98";"1170"
"11096";"EKKA";"Топливный фильтр EK-1034 EKKA";"65";"2030"
"11114";"EKKA";"Топливный фильтр EK-1074 EKKA";"73";"780"
"11117";"EKKA";"Топливный фильтр EK-1861 EKKA";"0";"2570"
"11099";"EKKA";"Топливный фильтр EK-1321 EKKA";"84";"2690"
"11240";"EKKA";"Топливный фильтр EK-1158 EKKA";"40";"1190"
"11098";"EKKA";"Топливный фильтр EK-1101 EKKA";"122";"1810"
"11244";"EKKA";"Топливный фильтр EK-1269 EKKA";"300";"900"
"11242";"EKKA";"Топливный фильтр EK-1197 EKKA";"38";"890"
"11115";"EKKA";"Топливный фильтр EK-1826 EKKA";"48";"940"
"11320";"EKKA";"Топливный фильтр EK-1888 EKKA";"54";"1070"
"11248";"EKKA";"Топливный фильтр EK-1902 EKKA";"35";"1030"
"11319";"EKKA";"Масляный фильтр EK-2903 EKKA";"100";"1070"
"11247";"EKKA";"Топливный фильтр EK-1426 EKKA";"79";"770"
"11239";"EKKA";"Топливный фильтр EK-1066 EKKA";"84";"710"
"11246";"EKKA";"Топливный фильтр EK-1330 EKKA";"290";"2790"
"11317";"EKKA";"Топливный фильтр EK-1224 EKKA";"290";"2390"
"11245";"EKKA";"Топливный фильтр EK-1307 EKKA";"277";"2310"
"11241";"EKKA";"Топливный фильтр EK-1179 KIT EKKA";"163";"4720"
"11243";"EKKA";"Топливный фильтр EK-1227 EKKA";"196";"1370"
"11318";"EKKA";"Топливный фильтр EK-1425 EKKA";"276";"1160"
"11101";"EKKA";"Фильтр масляный EK-2037 EKKA ";"0";"420"
"11249";"EKKA";"Фильтр масляный EK-2028 EKKA";"8";"980"
"11102";"EKKA";"Фильтр масляный EK-2186 EKKA";"60";"1350"
"11112";"EKKA";"Фильтр воздушный EK-3705AB EKKA";"154";"1920"
"11123";"EKKA";"Фильтр воздушный EK-3041AB EKKA";"48";"4120"
"11126";"EKKA";"Фильтр воздушный EK-3117AB EKKA";"0";"6550"
"11111";"EKKA";"Фильтр воздушный EK-3625A EKKA";"46";"1350"
"11128";"EKKA";"Фильтр воздушный EK-3938A EKKA";"94";"6440"
"11129";"EKKA";"Фильтр воздушный EK-3938B EKKA";"23";"1710"
"11125";"EKKA";"Фильтр воздушный EK-3084A EKKA";"17";"1430"
"11329";"EKKA";"Фильтр воздушный EK-3606A EKKA";"80";"770"
"11124";"EKKA";"Фильтр воздушный EK-3060AB EKKA";"16";"3520"
"11256";"EKKA";"Фильтр воздушный EK-3919A EKKA";"40";"8910"
"11127";"EKKA";"Фильтр воздушный EK-3919B EKKA";"38";"1700"
"11253";"EKKA";"Фильтр воздушный EK-3807AB EKKA";"34";"4990"
"EK-3607AB";"EKKA";"Фильтр воздушный EK-3607AB EKKA";"0";"0"
"11110";"EKKA";"Фильтр воздушный EK-3247AB EKKA";"159";"6370"
"11103";"EKKA";"Фильтр гидравлический EK-4039 EKKA";"4";"1770"
"11119";"EKKA";"Фильтр гидравлический EK-4007 EKKA";"105";"380"
"11251";"EKKA";"Фильтр гидравлический EK-4245 EKKA";"193";"2710"
"11105";"EKKA";"Фильтр гидравлический EK-4004 EKKA";"42";"1400"
"11118";"EKKA";"Фильтр гидравлический EK-4006 EKKA";"56";"300"
"11106";"EKKA";"Фильтр гидравлический EK-4023 EKKA";"43";"1080"
"11120";"EKKA";"Фильтр гидравлический EK-4026 EKKA";"52";"1370"
"11122";"EKKA";"Фильтр гидравлический EK-4754 EKKA";"0";"1030"
"11108";"EKKA";"Фильтр гидравлический EK-4469 EKKA";"89";"3880"
"11321";"EKKA";"Фильтр гидравлический EK-4170 EKKA";"44";"5580"
"11107";"EKKA";"Фильтр гидравлический EK-4040 EKKA";"15";"1170"
"11109";"EKKA";"Фильтр гидравлический EK-4099 EKKA";"13";"1770"
"11104";"EKKA";"Фильтр гидравлический EK-4100 EKKA";"55";"2360"
"11252";"EKKA";"Фильтр гидравлический EK-4248 EKKA";"0";"2320"
"11328";"EKKA";"Фильтр гидравлический EK-4700 EKKA";"6";"1870"
"11326";"EKKA";"Фильтр гидравлический EK-40098 EKKA";"0";"4180"
"11250";"EKKA";"Фильтр гидравлический EK-40097 EKKA";"50";"3310"
"11323";"EKKA";"Фильтр гидравлический EK-40094 EKKA";"113";"1870"
"11322";"EKKA";"Фильтр гидравлический EK-4305 EKKA";"1";"2790"
"11121";"EKKA";"Фильтр гидравлический EK-4171 EKKA";"44";"560"
"11327";"EKKA";"Фильтр гидравлический EK-4198 EKKA";"50";"3300"
"11132";"EKKA";"Фильтр салона (кабины) EK-5078 EKKA ";"27";"980"
"11131";"EKKA";"Фильтр салона (кабины) EK-5255 EKKA";"0";"830"
"11254";"EKKA";"Фильтр салона (кабины) EK-5063 EKKA";"50";"1670"
"11325";"EKKA";"Фильтр гидравлический EK-40096 EKKA";"92";"1930"
"11324";"EKKA";"Фильтр гидравлический EK-40095 EKKA";"0";"3520"
"11130";"EKKA";"Фильтр салона (кабины) EK-5077 EKKA";"36";"560"
"11330";"EKKA";"Фильтр салона (кабины) EK-5253 EKKA";"85";"430"
"11255";"EKKA";"Фильтр салона (кабины) EK-5256 EKKA";"30";"1060"
"11445";"EKKA";"Фильтр салона (кабины) EK-5019 EKKA";"48";"580"
"10383";"Superguider";"27х8.5-15 8PR SKS-5 Superguider Шина для минипогрузчика";"0";"8510"
"11133";"EKKA";"9.00-20 HT601 14PR EKKA Шина для колесного экскаватора";"0";"24850"
"11141";"EKKA";"25х8-12 P354 EKKA Шины для квадроциклов";"44";"6900"
"11142";"EKKA";"25х10-12 P354 EKKA Шины для квадроциклов";"48";"7750"
"11150";"EKKA";"26х9-12 P350 EKKA Шины для квадроциклов";"21";"9550"
"11151";"EKKA";"26х11-12 P350 EKKA Шины для квадроциклов";"27";"10600"
"11147";"EKKA";"20х11-10 P357 EKKA Шины для квадроциклов";"82";"6600"
"11148";"EKKA";"22x10-10 P349 EKKA Шины для квадроциклов";"41";"8150"
"11149";"EKKA";"23x7-10 P349 EKKA Шины для квадроциклов";"17";"6500"
"11181";"EKKA";"3.00D-8 ET0 PCD5x145 HUB110 EKKA Диск для вилочного погрузчика";"87";"2140"
"11182";"EKKA";"5.00S-12 ET0 PCD8x190 HUB145 EKKA Диск для вилочного погрузчика";"73";"5660"
"11183";"EKKA";"5.00S-12 ET0 PCD6x200 HUB150 EKKA Диск для вилочного погрузчика";"1";"5660"
"11184";"EKKA";"5.00S-12 ET0 PCD6x220 HUB170 EKKA Диск для вилочного погрузчика";"48";"6100"
"11185";"EKKA";"7.00T-15 ET10 PCD6x220 HUB165 EKKA Диск для вилочного погрузчика";"111";"10910"
"11186";"EKKA";"9.00x15.3 ET0 PCD6x205 HUB161 EKKA Диск для минипогрузчика";"8";"5460"
"11194";"EKKA";"11x18 ET64 PCD8x275 HUB221 EKKA Диск для экскаватора-погрузчика";"23";"19150"
"11195";"EKKA";"DW15x24 ET82 PCD5x335 HUB290.5 EKKA Диск для экскаватора-погрузчика ";"13";"34300"
"11196";"EKKA";"DW15x24 ET36 PCD5x335 HUB290.5 EKKA Диск для экскаватора-погрузчика ";"16";"34300"
"11197";"EKKA";"W15x28 ET-50 PCD10x335 HUB281.5 EKKA Диск для экскаватора-погрузчика";"19";"43680"
"11198";"EKKA";"16x26 ET79 PCD5x335 HUB 290 EKKA Диск для экскаватора-погрузчика";"8";"46860"
"11220";"EKKA";"15х4 1/2-8 CLIP EKKA Шина цельнолитая для вилочного погрузчика";"28";"6050"
"11221";"EKKA";"15х4 1/2-8 CLIP NM EKKA белая Шина цельнолитая для вилочного погрузчика";"8";"6620"
"11222";"EKKA";"15х4 1/2-8 STANDART EKKA Шина цельнолитая для вилочного погрузчика";"0";"6050"
"11223";"EKKA";"16х6-8 CLIP EKKA Шина цельнолитая для вилочного погрузчика";"2";"10300"
"11224";"EKKA";"16х6-8 CLIP NM EKKA белая Шина цельнолитая для вилочного погрузчика";"0";"10580"
"11225";"EKKA";"18х7-8 CLIP EKKA Шина цельнолитая для вилочного погрузчика";"27";"10910"
"11226";"EKKA";"18х7-8 CLIP NM EKKA белая Шина цельнолитая для вилочного погрузчика";"10";"11230"
"11227";"EKKA";"18х7-8 STANDART EKKA Шина цельнолитая для вилочного погрузчика";"0";"10070"
"11228";"EKKA";"21х8-9 CLIP EKKA Шина цельнолитая для вилочного погрузчика";"4";"19090"
"11229";"EKKA";"21х8-9 CLIP NM EKKA белая Шина цельнолитая для вилочного погрузчика";"0";"19660"
"11230";"EKKA";"23х9-10 CLIP EKKA Шина цельнолитая для вилочного погрузчика";"26";"27310"
"11231";"EKKA";"28х9-15 CLIP EKKA Шина цельнолитая для вилочного погрузчика";"38";"34610"
"11232";"EKKA";"28х9-15 STANDART EKKA Шина цельнолитая для вилочного погрузчика";"16";"34020"
"11233";"EKKA";"5.00-8 Standart EKKA Шина цельнолитая для вилочного погрузчика";"41";"8640"
"11234";"EKKA";"6.00-9 STANDART EKKA Шина цельнолитая для вилочного погрузчика";"30";"12810"
"11235";"EKKA";"6.50-10 Standart EKKA Шина цельнолитая для вилочного погрузчика";"36";"17200"
"11236";"KINGSOLID";"6.50-10 Standart KINGSOLID Шина цельнолитая для вилочного погрузчика";"0";"15880"
"3429";"STAL";"Гидравлический фильтр SP803";"22";"780"
"4683";"STAL";"Воздушный фильтр ST600AB STAL";"45";"3300"
"4685";"STAL";"Воздушный фильтр ST613AB STAL";"16";"1860"
"4686";"STAL";"Воздушный фильтр ST614AB STAL";"16";"2400"
"4689";"STAL";"Воздушный фильтр ST618AB STAL";"79";"1920"
"3796";"STAL";"Фильтр кабины STKT6819 STAL";"9";"950"
"3805";"STAL";"Топливный фильтр CX326 STAL";"25";"530"
"3818";"STAL";"Масляный фильтр JX718 STAL";"23";"560"
"3337";"STAL";"Гидравлический фильтр SP836 STAL";"60";"750"
"3341";"STAL";"Гидравлический фильтр SP8746 STAL";"100";"470"
"3379";"STAL";"Гидравлический фильтр SP832 STAL";"60";"780"
"3380";"STAL";"Гидравлический фильтр SP895 STAL";"100";"1130"
"3382";"STAL";"Гидравлический фильтр JX771 STAL";"135";"900"
"3384";"STAL";"Топливный фильтр CX780 STAL";"194";"770"
"3389";"STAL";"Гидравлический фильтр JX781 STAL";"16";"640"
"3397";"STAL";"Топливный фильтр SP2341 STAL";"163";"350"
"3401";"STAL";"Фильтры охлаждающей жидкости SX823 STAL";"35";"570"
"3395";"STAL";"Фильтр топливный CX783 STAL";"3";"1110"
"3326";"STAL";"Фильтр топливный FS19949 ASFil";"5";"780"
"3324";"ASFil";"Топливный фильтр FF5626 ASFil";"811";"320"
"3321";"ASFil";"Топливный фильтр FS19605 ASFil";"161";"330"
"3317";"ASFil";"Топливный фильтр FS19735 ASFil";"458";"410"
"3315";"ASFil";"Фильтр осушитель 4324109272 ASFil";"783";"680"
"3314";"ASFil";"Фильтр осушитель 4329012452 ASFil";"248";"700"
"3313";"ASFil";"Фильтр осушитель 1391510 ASFil";"824";"670"
"3311";"ASFil";"Масляный фильтр Z13D94 ASFil";"498";"630"
"3309";"ASFil";"Гидравлический фильтр HF7535 ASFil";"914";"590"
"3307";"ASFil";"Масляный фильтр LF3607 ASFil";"938";"440"
"3305";"ASFil";"Масляный фильтр LF16233 ASFil";"820";"660"
"3302";"ASFil";"Масляный фильтр LF3867 ASFil";"732";"640"
"3299";"ASFil";"Воздушный фильтр AF25614 ASFil";"31";"2870"
"3297";"ASFil";"Воздушный фильтр AF25653 ASFil";"9";"3290"
"3292";"ASFil";"Воздушный фильтр AF25623 ASFil";"13";"1760"
"3285";"ASFil";"Воздушный фильтр AF25264 ASFil";"52";"2770"
"3281";"ASFil";"Воздушный фильтр AF25632 ASFil";"53";"3180"
"3278";"ASFil";"Воздушный фильтр AF25066 ASFil";"60";"2000"
"3287";"ASFil";"Воздушный фильтр AF25333/AF25634 ASFil";"78";"3370"
"3293";"ASFil";"Воздушный фильтр AM446/2 ASFil";"77";"2000"
"3298";"ASFil";"Воздушный фильтр AF25314 ASFil";"53";"2370"
"3300";"ASFil";"Воздушный фильтр 1377099 ASFil";"71";"2870"
"3303";"ASFil";"Масляный фильтр LF3829 ASFil";"907";"740"
"3318";"ASFil";"Топливный фильтр FF5629 ASFil";"0";"750"
"3283";"ASFil";"Воздушный фильтр AF26244 ASFil";"0";"2500"
"11293";"Forerunner";"205/50-10 GF04 Forerunner Шины для квадроциклов";"0";"5200"
"11285";"OTRSTAR";"12-16.5 12PR 144A8 T608 OTRSTAR Шина для минипогрузчика";"0";"24230"
"11284";"OTRSTAR";"10-16.5 T608 10PR 134A8 TL OTRSTAR Шина для минипогрузчика";"2";"19110"
"10782";"AEOLUS";"6.50-10 10PR 118A8 TTF AEOLUS AIND11 Шина для вилочного погрузчика";"0";"7430"
"11331";"EKKA";"10-16.5 10PR TL T608 EKKA Шина для минипогрузчика";"6";"19110"
"11332";"EKKA";"12-16.5 12PR TL 145A8 T608 EKKA Шина для минипогрузчика";"2";"24230"
"11333";"HERADE";"14-17.5 14PR TL T601 HERADE Шина для минипогрузчика";"12";"27810"
"11335";"Primex";"14.00-24 16PR TL 178A8 G3000 PRIMEX Шина на фронтальный погрузчик";"32";"42000"
"9334";"EKKA";"25х8-12 P377 4PR EKKA Шины для квадроциклов";"1";"7550"
"9335";"EKKA";"25х10-12 P377 4PR EKKA Шины для квадроциклов";"12";"9150"
"11199";"EKKA";"19.50/2.5-25 ET0 PCD10x480 HUB421 EKKA Диск для фронтального погрузчика";"8";"51650"
"11358";"EKKA";"30x10-16 (30x10-20/10-16.5) Колесо цельнолитое WHEELS STANDARD EKKA (в сборе с диском для BOBCAT)";"0";"55300"
"11359";"EKKA";"12-16.5 (33х12-20) Колесо цельнолитое WHEELS STANDARD EKKA (в сборе с диском для BOBCAT)";"38";"79470"
"11360";"EKKA";"18х7-8  C601 16PR TTF 111A5/125A5 EKKA Шина для вилочного погрузчика";"3";"6350"
"11362";"HERADE";"5.00-8 10PR TTF C604 HERADE Шина для вилочного погрузчика ";"0";"0"
"11363";"HERADE";"6.50-10 12PR TTF C604 HERADE Шина для вилочного погрузчика ";"0";"7790"
"11364";"HERADE";"7.00-12 12PR TTF C604 HERADE Шина для вилочного погрузчика ";"90";"10720"
"11365";"HERADE";"28х9-15 14PR TTF C604 HERADE Шина для вилочного погрузчика";"34";"14610"
"11367";"HALITRAX";"15.5-25 L2 12PR TL HALITRAX Шина для фронтального погрузчика";"34";"42840"
"11368";"HALITRAX";"17.5-25 L2 16PR TL HALITRAX Шина для фронтального погрузчика";"43";"59520"
"11380";"SOLID STAR";"28х9-15 EU CLICK NM SOLID STAR Шина цельнолитая для вилочного погрузчика";"12";"40470"
"11381";"SOLID STAR";"250-15 EU CLICK NM SOLID STAR Шина цельнолитая для вилочного погрузчика";"4";"47630"
"11382";"SOLID STAR";"23х9-10 EU CLICK NM SOLID STAR Шина цельнолитая для вилочного погрузчика";"12";"31930"
"10178";"SOLID STAR";"4.00-8 EU STANDART SOLID STAR Шина цельнолитая для вилочного погрузчика";"0";"7350"
"8048";"EKKA";"20.5/70-16 E3/L3 14PR EKKA Шина для фронтального погрузчика";"10";"23660"
"9007";"EKKA";"23.5-25 L5 24PR EKKA Шина для фронтального погрузчика";"0";"209440"
"9973";"SOLID STAR";"7.00-12 EU NM SOLID STAR Шина цельнолитая для вилочного погрузчика";"0";"29320"
"9890";"SOLID STAR";"21х8-9 EU Click NM SOLID STAR Шина цельнолитая для вилочного погрузчика";"0";"23740"
"10179";"SOLID STAR";"28х9-15 EU CLICK SOLID STAR Шина цельнолитая для вилочного погрузчика";"1";"38820"
"9746";"SOLID STAR";"200/50-10 EU CLICK NM SOLID STAR Шина цельнолитая для вилочного погрузчика";"10";"20310"
"11396";"EKKA";"23.5-25 L5 28PR EKKA Шина для фронтального погрузчика";"0";"211820"
"11397";"HALITRAX";"26.5-25 28PR TL L3 HALITRAX Шина на фронтальный погрузчик";"0";"153620"
"11868";"EKKA";"Ободная лента 300-508 (16.00-20)";"22";"1210"
"11407";"HYWG";"9.75x16.5 ET40 PCD8x203.2 HUB152.4 HYWG Диск для минипогрузчика";"0";"10270"
"11406";"HYWG";"8.25x16.5 ET15 PCD8x203.2 HUB152.4 HYWG Диск для минипогрузчика";"0";"9920"
"9933";"SOLID STAR";"18х7-8 EU CLICK NM SOLID STAR Шина цельнолитая для вилочного погрузчика";"0";"16590"
"11416";"EKKA";"15х6-6 P512 EKKA Шины для квадроциклов";"0";"3400"
"11419";"EKKA";"27х9-14 P350 EKKA Шины для квадроциклов";"62";"10500"
"11418";"EKKA";"18х8.50-8 P322 EKKA Шины для квадроциклов";"0";"0"
"11420";"EKKA";"27х11-12 P350A EKKA Шины для квадроциклов";"3";"12150"
"11421";"EKKA";"27х11-14 P350 EKKA Шины для квадроциклов";"70";"12350"
"11417";"Kabat";"Камера 11.5/80-15.3 для шин";"0";"2630"
"11432";"EKKA";"200/50-10 CLIP EKKA Шина цельнолитая для вилочного погрузчика";"0";"12870"
"11433";"EKKA";"200/50-10 CLIP NM EKKA Шина цельнолитая для вилочного погрузчика";"7";"13230"
"11434";"EKKA";"27x10-12 CLIP EKKA Шина цельнолитая для вилочного погрузчика";"11";"39730"
"11435";"EKKA";"27x10-12 CLIP NM EKKA Шина цельнолитая для вилочного погрузчика";"6";"40350"
"11436";"EKKA";"5.00-8 STANDART NM EKKA Шина цельнолитая для вилочного погрузчика";"18";"9510"
"11437";"EKKA";"6.00-9 STANDART NM EKKA Шина цельнолитая для вилочного погрузчика";"40";"14100"
"11438";"EKKA";"6.50-10 STANDART NM EKKA Шина цельнолитая для вилочного погрузчика";"52";"18900"
"11440";"EKKA";"7.00-12 STANDART NM EKKA Шина цельнолитая для вилочного погрузчика";"20";"26270"
"11441";"EKKA";"7.00-12 Standart EKKA Шина цельнолитая для вилочного погрузчика";"60";"23910"
"11442";"EKKA";"8.25-15 Standart EKKA Шина цельнолитая для вилочного погрузчика";"22";"44360"
"11439";"EKKA";"6.50-10 CLIP EKKA Шина цельнолитая для вилочного погрузчика";"10";"18410"
"11443";"EKKA";"Масляный фильтр EK-2362 EKKA";"265";"940"
"11444";"EKKA";"Гидравлический фильтр EK-4164";"82";"1250"
"11446";"EKKA";"Фильтр кабины EK-5252";"100";"1120"
"11447";"EKKA";"Фильтр кабины EK-5257";"3";"620"
"11448";"EKKA";"Фильтр кабины EK-5258";"0";"2620"
"11449";"EKKA";"Воздушный фильтр EK-3984A";"31";"8420"
"11450";"EKKA";"Воздушный фильтр EK-3984B";"24";"1340"
"11492";"HERADE";"8.25-15 14PR HERADE C604 (HT606) TTF 155A5 Шина для вилочного погрузчика";"40";"18350"
"11494";"HERADE";"6.00-9 10PR 130A5 TTF C604 (HT606) HERADE Шина для вилочного погрузчика";"5";"5900"
"11493";"HUITON";"5.00-8 10PR 120A5 TTF C604 (HT606) HUITON Шина для вилочного погрузчика";"51";"4220"
"11495";"EKKA";"18х8.50-8 P332 4PR EKKA Шины для квадроциклов";"0";"4500"
"11533";"EKKA";"13х5-6 P512 EKKA Шины для квадроциклов";"98";"2350"
"11534";"EKKA";"18х9.50-8 P350 EKKA Шины для квадроциклов";"0";"3920"
"11535";"EKKA";"19х7-8 P350 EKKA Шины для квадроциклов";"0";"4700"
"11536";"EKKA";"20х11-9 P3076 EKKA Шины для квадроциклов";"0";"7900"
"11537";"EKKA";"22х7-10 P3076 EKKA Шины для квадроциклов";"0";"5950"
"11538";"EKKA";"22х10-10 P336 EKKA Шины для квадроциклов";"0";"6580"
"10924";"SKLD";"3.00D-8 ET0 PCD6x125 HUB100 SKLD Диск для вилочного погрузчика";"6";"2920"
"11526";"HERADE";"9.00-20 HT601 14PR HERADE 152A8 TTF Шина для колесного экскаватора";"12";"24490"
"11527";"HERADE";"27х8.5-15 8PR TL 101A8 T601 HERADE Шина для минипогрузчика";"0";"8580"
"10463";"SOLID STAR";"16х6-8 EU CLICK NM SOLID STAR Шина цельнолитая для вилочного погрузчика";"0";"12610"
"11286";"SOLID STAR";"6.00-9 EU STANDART SOLID STAR Шина цельнолитая для вилочного погрузчика";"0";"15540"
"11601";"EKKA";"Камера 250-15 для шин";"100";"1370"
"11524";"HALITRAX";"29.5-25 L3 28PR Halitrax Шина для фронтального погрузчика ";"3";"223420"
"11622";"Hengruida";"20.5-25 20PR TT Шина пневматическая Hengruida Z601";"8";"89390"
"11623";"HERADE";"17.5-25 HT239 TT 20PR HERADE Шина для фронтального погрузчика ";"0";"50930"
"11624";"HERADE";"23.5-25 HT239 TT 20PR HERADE Шина для фронтального погрузчика ";"53";"96690"
"11663";"EKKA";"12.5/80-18 16PR 148A8 TL MS907(L-5) EKKA Шина для экскаватора-погрузчика";"12";"31860"
"11664";"EKKA";"16.9-28 158A8 16PR TL MS907(L-5) EKKA Шина для экскаваторов-погрузчиков";"52";"69750"
"11665";"Hengruida";"17.5-25 20PR TT Hengruida Z601 Шина для фронтального погрузчика";"8";"64050"
"11666";"HERADE";"23.5-25 HT239 TT 24PR HERADE Шина для фронтального погрузчика ";"20";"98280"
"11667";"EKKA";"12-16.5 (33х12-20) Колесо цельнолитое WHEELS STANDARD EKKA (в сборе с диском для LONKING)";"0";"79470"
"11668";"EKKA";"30x10-16 (30x10-20/10-16.5) Колесо цельнолитое WHEELS STANDARD EKKA (в сборе с диском для LONKING)";"0";"55300"
"nt20525er106pr20";"NORTEC";"20.5-25 ER-106 20PR NorTec Шина для фронтального погрузчика";"0";"0"
"nt17525er106pr16";"NORTEC";"17.5-25 ER-106 16PR NorTec Шина для фронтального погрузчика";"0";"0"
"nt23525er106pr20";"NORTEC";"23.5-25 ER-106 20PR NorTec Шина для фронтального погрузчика";"0";"0"
"nt17525er205pr16";"NORTEC";"17.5-25 ER-205 16PR NorTec Шина для фронтального погрузчика";"0";"0"
"nt20525er205pr20";"NORTEC";"20.5-25 ER-205 20PR NorTec Шина для фронтального погрузчика";"0";"0"
"nt23525er205pr20";"NORTEC";"23.5-25 ER-205 20PR NorTec Шина для фронтального погрузчика";"0";"0"
"nt17525er612pr16";"NORTEC";"17.5-25 ER-612 16PR NorTec Шина для фронтального погрузчика";"0";"0"
"nt20525er612pr20";"NORTEC";"20.5-25 ER-612 20PR NorTec Шина для фронтального погрузчика";"0";"0"
"nt23525er612pr20";"NORTEC";"23.5-25 ER-612 20PR NorTec Шина для фронтального погрузчика";"0";"0"
"nt23525ind247pr20";"NORTEC";"23.5-25 IND-247 20PR NorTec Шина для фронтального погрузчика";"0";"0"
"nt18426tc107pr12";"NORTEC";"18.4-26 TC-107 12PR NorTec Шина для экскаватора-погрузчика";"0";"0"
"nt16928tc107pr12";"NORTEC";"16.9-28 TC-107 12PR NorTec Шина для экскаватора-погрузчика";"0";"0"
"nt16924tc108pr12";"NORTEC";"16.9-24 TC-108 12PR NorTec Шина для экскаватора-погрузчика";"0";"0"
"11682";"Forerunner";"12-16.5 14PR TL Шина пневматическая Foreruner SKS-3";"0";"23900"
"10754";"ADVANCE";"11R22.5 GL268D 16PR TL D M+S ADVANCE Шина грузовая ведущая";"8";"25200"
"7981";"ADVANCE";"315/70R22.5 GL267D 20PR TL 156/150L ADVANCE Шина грузовая ведущая";"12";"24300"
"7993";"ADVANCE";"315/70R22.5 GL282A 20PR F TL 156/150L ADVANCE Шина грузовая рулевая";"4";"24860"
"11684";"ADVANCE";"16.00R20 (425/95R20) ** TTF ON/OFF M+S R-3(073A) ADVANCE Шина грузовая ведущая";"10";"84190"
"11685";"ADVANCE";"315/80R22.5 22PR TL ON/OFF GM-A1 ADVANCE Шина грузовая ведущая";"0";"32210"
"11688";"GREEN DRAGON";"11R22.5 HF638 16PR TL D GREEN DRAGON Шина грузовая ведущая";"8";"25990"
"11689";"GREEN DRAGON";"12.00R24 HF702 20PR TTF U GREEN DRAGON Шина грузовая универсальная";"8";"32540"
"11690";"GREEN DRAGON";"12.00R24 HF729 20PR TTF D M+S GREEN DRAGON Шина грузовая ведущая";"8";"34010"
"11691";"GREEN DRAGON";"315/80R22.5 GD660 20PR TL F GREEN DRAGON Шина грузовая рулевая";"8";"27690"
"11692";"GREEN DRAGON";"385/65R22.5 GD022AGT 24PR TL T M+S GREEN DRAGON Шина грузовая на прицеп";"0";"27690"
"11702";"COPRAH";"9.75x16.5 ET-22 PCD8x203.2 HUB152.4 COPRAH Диск для минипогрузчика";"0";"11180"
"11742";"COPRAH";"8.25x16.5 ET0 PCD8x203.2 HUB152.4 COPRAH Диск для минипогрузчика";"0";"9920"
"11745";"EKKA";"4.00-8/3.00 STANDART EKKA Шина цельнолитая для вилочного погрузчика";"12";"5670"
"11746";"EKKA";"4.00-8/3.00 STANDART NM EKKA Шина цельнолитая для вилочного погрузчика";"10";"6240"
"11757";"HUAYI";"15.5-25 20PR 153A8 TTF E3/L3 HUAYI Шина для фронтального погрузчика";"6";"45500"
"11758";"HUAYI";"17.5-25 20PR 164B TTF E3/L3 HUAYI Шина для фронтального погрузчика";"16";"47680"
"11759";"HUAYI";"20.5-25 20PR 170B TTF E3/L3 HUAYI Шина для фронтального погрузчика";"10";"69800"
"11760";"HUAYI";"23.5-25 24PR 180B TTF E3/L3 HUAYI Шина для фронтального погрузчика";"10";"91910"
"11762";"HUAYI";"26.5-25 28PR 188B TTF E3/L3 HUAYI Шина для фронтального погрузчика";"2";"149100"
"11761";"HUAYI";"23.5-25 24PR 192A8 TTF L5 HUAYI Шина для фронтального погрузчика";"0";"168630"
"11764";"HUAYI";"23.1-26 18PR 165A8 TL R3 HUAYI Шина для грунтового катка";"0";"65580"
"11783";"EKKA";"25х8-12 Atlas 6PR EKKA Шины для квадроциклов";"34";"7900"
"11784";"EKKA";"25х10-12 Atlas 6PR EKKA Шины для квадроциклов";"34";"9150"
"11770";"HUABEIFENG";"300-15 STANDART 102 HUABEIFENG Шина цельнолитая для вилочного погрузчика";"1";"44540"
"11769";"HUABEIFENG";"28x9-15 STANDART 102 HUABEIFENG Шина цельнолитая для вилочного погрузчика";"1";"26330"
"11768";"HUABEIFENG";"6.50-10 STANDART 102 HUABEIFENG Шина цельнолитая для вилочного погрузчика";"4";"14410"
"11767";"HUABEIFENG";"5.00-8 STANDART 102 HUABEIFENG Шина цельнолитая для вилочного погрузчика";"0";"7960"
"11766";"HUABEIFENG";"4.00-8 STANDART 102 HUABEIFENG Шина цельнолитая для вилочного погрузчика";"15";"5770"
"9238";"MAXAM";"23х10-12 20PR TTF C601 MAXAM Шина для вилочного погрузчика";"4";"8520"
"11851";"EKKA";"Камера 14.00-20 для шин";"98";"2900"
"11869";"EKKA";"Ободная лента 14.00-24";"30";"1260"
"11867";"EKKA";"Ободная лента 26.5-25";"16";"3250"
"11877";"EKKA";"26х9-12 Atlas EKKA Шины для квадроциклов";"40";"8290"
"11878";"EKKA";"26х11-12 Atlas EKKA Шины для квадроциклов";"40";"9950"
"11879";"EKKA";"27х9-12 Atlas EKKA Шины для квадроциклов";"50";"10350"
"11880";"EKKA";"27х11-12 Atlas EKKA Шины для квадроциклов";"50";"12150"
"11904";"EKKA";"5.00F-10 ET0 PCD6x170 HUB140 EKKA Диск для вилочного погрузчика";"46";"3090"
"11885";"HERADE";"10-16.5 10PR TL HERADE T608 Шина для минипогрузчика";"0";"0"
"11915";"EKKA";"140/55-9 Clip EKKA Шина цельнолитая для вилочного погрузчика";"20";"7670"
"11916";"EKKA";"28х9-15 CLIP NM EKKA Шина цельнолитая для вилочного погрузчика";"8";"34220"
"11917";"EKKA";"8.25-15 CLIP EKKA Шина цельнолитая для вилочного погрузчика";"10";"46260"
